{
  "/css": {
    "basicAuthRealm": null,
    "cacheForSeconds": null,
    "contentType": null,
    "enableBasicAuth": false,
    "grantees": [
      {
        "allowed": "accessControl,read,write,delete",
        "name": "admin"
      }
    ],
    "id": "c62e39bf96034046a16f6c9ac9ffb953",
    "includeInFrontendExport": true,
    "owner": {
      "name": "admin"
    },
    "type": "Folder",
    "useAsJavascriptLibrary": false,
    "visibleToAuthenticatedUsers": true,
    "visibleToPublicUsers": true
  },
  "/css/main.css": {
    "basicAuthRealm": null,
    "cacheForSeconds": null,
    "contentType": "text/css",
    "dontCache": false,
    "enableBasicAuth": false,
    "grantees": [
      {
        "allowed": "accessControl,read,write,delete",
        "name": "admin"
      }
    ],
    "id": "442c37373a114082b35683f3c654ee8a",
    "includeInFrontendExport": false,
    "isTemplate": false,
    "owner": {
      "name": "admin"
    },
    "type": "File",
    "useAsJavascriptLibrary": false,
    "visibleToAuthenticatedUsers": true,
    "visibleToPublicUsers": true
  },
  "/img": {
    "basicAuthRealm": null,
    "cacheForSeconds": null,
    "contentType": null,
    "enableBasicAuth": false,
    "grantees": [
      {
        "allowed": "accessControl,read,write,delete",
        "name": "admin"
      }
    ],
    "id": "8f1c570c511541b693d326f28ac0460f",
    "includeInFrontendExport": true,
    "owner": {
      "name": "admin"
    },
    "type": "Folder",
    "useAsJavascriptLibrary": false,
    "visibleToAuthenticatedUsers": true,
    "visibleToPublicUsers": true
  },
  "/img/AdobeStock_134320797-web.jpg": {
    "basicAuthRealm": null,
    "cacheForSeconds": null,
    "contentType": "image/jpeg",
    "dontCache": false,
    "enableBasicAuth": false,
    "grantees": [
      {
        "allowed": "accessControl,read,write,delete",
        "name": "admin"
      }
    ],
    "height": 1080,
    "id": "80fdd1c5b22349fc8bb7cf9383b53b9c",
    "includeInFrontendExport": true,
    "isImage": true,
    "isTemplate": false,
    "isThumbnail": false,
    "owner": {
      "name": "admin"
    },
    "type": "Image",
    "useAsJavascriptLibrary": false,
    "visibleToAuthenticatedUsers": true,
    "visibleToPublicUsers": true,
    "width": 4321
  },
  "/img/AdobeStock_177783455-web.jpg": {
    "basicAuthRealm": null,
    "cacheForSeconds": null,
    "contentType": "image/jpeg",
    "dontCache": false,
    "enableBasicAuth": false,
    "grantees": [
      {
        "allowed": "accessControl,read,write,delete",
        "name": "admin"
      }
    ],
    "height": 1080,
    "id": "c334b0b5f9654ff18e6c0f80619ed0bb",
    "includeInFrontendExport": true,
    "isImage": true,
    "isTemplate": false,
    "isThumbnail": false,
    "owner": {
      "name": "admin"
    },
    "type": "Image",
    "useAsJavascriptLibrary": false,
    "visibleToAuthenticatedUsers": true,
    "visibleToPublicUsers": true,
    "width": 4364
  },
  "/img/AdobeStock_226199513-web.jpg": {
    "basicAuthRealm": null,
    "cacheForSeconds": null,
    "contentType": "image/jpeg",
    "dontCache": false,
    "enableBasicAuth": false,
    "grantees": [
      {
        "allowed": "accessControl,read,write,delete",
        "name": "admin"
      }
    ],
    "height": 1080,
    "id": "f8be76fc40f44276b9337ef148b0b24e",
    "includeInFrontendExport": true,
    "isImage": true,
    "isTemplate": false,
    "isThumbnail": false,
    "owner": {
      "name": "admin"
    },
    "type": "Image",
    "useAsJavascriptLibrary": false,
    "visibleToAuthenticatedUsers": true,
    "visibleToPublicUsers": true,
    "width": 2808
  },
  "/img/AdobeStock_295050337-web.jpg": {
    "basicAuthRealm": null,
    "cacheForSeconds": null,
    "contentType": "image/jpeg",
    "dontCache": false,
    "enableBasicAuth": false,
    "grantees": [
      {
        "allowed": "accessControl,read,write,delete",
        "name": "admin"
      }
    ],
    "height": 1080,
    "id": "5001d4e4b78f4602a29d31d2eda5471c",
    "includeInFrontendExport": true,
    "isImage": true,
    "isTemplate": false,
    "isThumbnail": false,
    "owner": {
      "name": "admin"
    },
    "type": "Image",
    "useAsJavascriptLibrary": false,
    "visibleToAuthenticatedUsers": true,
    "visibleToPublicUsers": true,
    "width": 4018
  },
  "/img/meetdown.png": {
    "basicAuthRealm": null,
    "cacheForSeconds": null,
    "contentType": "image/png",
    "dontCache": false,
    "enableBasicAuth": false,
    "grantees": [
      {
        "allowed": "accessControl,read,write,delete",
        "name": "admin"
      }
    ],
    "height": 119,
    "id": "f8748e72de5e403983cef57aa4a99f09",
    "includeInFrontendExport": false,
    "isImage": true,
    "isTemplate": false,
    "isThumbnail": false,
    "owner": {
      "name": "admin"
    },
    "type": "Image",
    "useAsJavascriptLibrary": false,
    "visibleToAuthenticatedUsers": true,
    "visibleToPublicUsers": true,
    "width": 613
  },
  "/js": {
    "basicAuthRealm": null,
    "cacheForSeconds": null,
    "contentType": null,
    "enableBasicAuth": false,
    "grantees": [
      {
        "allowed": "accessControl,read,write,delete",
        "name": "admin"
      }
    ],
    "id": "ea3fbd0ad2674257a05ac1307f2c61f8",
    "includeInFrontendExport": true,
    "owner": {
      "name": "admin"
    },
    "type": "Folder",
    "useAsJavascriptLibrary": false,
    "visibleToAuthenticatedUsers": true,
    "visibleToPublicUsers": true
  },
  "/js/datetime-local-fallback.js": {
    "basicAuthRealm": null,
    "cacheForSeconds": null,
    "contentType": "application/javascript",
    "dontCache": false,
    "enableBasicAuth": false,
    "grantees": [
      {
        "allowed": "accessControl,read,write,delete",
        "name": "admin"
      }
    ],
    "id": "316c9aaa6dc8493cb22156d4cc1112d3",
    "includeInFrontendExport": false,
    "isTemplate": false,
    "owner": {
      "name": "admin"
    },
    "type": "File",
    "useAsJavascriptLibrary": false,
    "visibleToAuthenticatedUsers": true,
    "visibleToPublicUsers": true
  },
  "/js/main.js": {
    "basicAuthRealm": null,
    "cacheForSeconds": null,
    "contentType": "application/javascript",
    "dontCache": false,
    "enableBasicAuth": false,
    "grantees": [
      {
        "allowed": "accessControl,read,write,delete",
        "name": "admin"
      }
    ],
    "id": "658ca1de278444878995ae6015554d84",
    "includeInFrontendExport": false,
    "isTemplate": false,
    "owner": {
      "name": "admin"
    },
    "type": "File",
    "useAsJavascriptLibrary": false,
    "visibleToAuthenticatedUsers": true,
    "visibleToPublicUsers": true
  }
}