{
  "edit-event": {
    "basicAuthRealm": null,
    "cacheForSeconds": null,
    "category": null,
    "contentType": "text/html",
    "dontCache": true,
    "enableBasicAuth": false,
    "grantees": [
      {
        "allowed": "accessControl,read,write,delete",
        "name": "admin"
      }
    ],
    "hidden": false,
    "hideConditions": null,
    "id": "363686c85acc4ee786aa79b1a48ad0db",
    "owner": {
      "name": "admin"
    },
    "pageCreatesRawData": false,
    "path": null,
    "position": 20,
    "showConditions": null,
    "showOnErrorCodes": null,
    "visibleToAuthenticatedUsers": true,
    "visibleToPublicUsers": true
  },
  "edit-group": {
    "basicAuthRealm": null,
    "cacheForSeconds": null,
    "category": null,
    "contentType": "text/html",
    "dontCache": false,
    "enableBasicAuth": false,
    "grantees": [
      {
        "allowed": "accessControl,read,write,delete",
        "name": "admin"
      }
    ],
    "hidden": false,
    "hideConditions": null,
    "id": "5845645fdcb54ffc9d2adae8356a2b34",
    "owner": {
      "name": "admin"
    },
    "pageCreatesRawData": false,
    "path": null,
    "position": 20,
    "showConditions": null,
    "showOnErrorCodes": null,
    "visibleToAuthenticatedUsers": true,
    "visibleToPublicUsers": true
  },
  "event": {
    "basicAuthRealm": null,
    "cacheForSeconds": null,
    "category": null,
    "contentType": "text/html",
    "dontCache": true,
    "enableBasicAuth": false,
    "grantees": [
      {
        "allowed": "accessControl,read,write,delete",
        "name": "admin"
      }
    ],
    "hidden": false,
    "hideConditions": null,
    "id": "f90a00db92b14dd9a17c8768668e485f",
    "owner": {
      "name": "admin"
    },
    "pageCreatesRawData": false,
    "path": null,
    "position": 20,
    "showConditions": null,
    "showOnErrorCodes": null,
    "visibleToAuthenticatedUsers": true,
    "visibleToPublicUsers": true
  },
  "events": {
    "basicAuthRealm": null,
    "cacheForSeconds": null,
    "category": null,
    "contentType": "text/html",
    "dontCache": true,
    "enableBasicAuth": false,
    "grantees": [
      {
        "allowed": "accessControl,read,write,delete",
        "name": "admin"
      }
    ],
    "hidden": false,
    "hideConditions": null,
    "id": "b410b82cadfb40739360c79834cd9557",
    "owner": {
      "name": "admin"
    },
    "pageCreatesRawData": false,
    "path": null,
    "position": 100,
    "showConditions": null,
    "showOnErrorCodes": null,
    "visibleToAuthenticatedUsers": true,
    "visibleToPublicUsers": true
  },
  "group": {
    "basicAuthRealm": null,
    "cacheForSeconds": null,
    "category": null,
    "contentType": "text/html",
    "dontCache": false,
    "enableBasicAuth": false,
    "grantees": [
      {
        "allowed": "accessControl,read,write,delete",
        "name": "admin"
      }
    ],
    "hidden": false,
    "hideConditions": null,
    "id": "f8b5ff728ab542b0aaae8db91ce926ea",
    "owner": {
      "name": "admin"
    },
    "pageCreatesRawData": false,
    "path": null,
    "position": 20,
    "showConditions": null,
    "showOnErrorCodes": null,
    "visibleToAuthenticatedUsers": true,
    "visibleToPublicUsers": true
  },
  "home": {
    "basicAuthRealm": null,
    "cacheForSeconds": null,
    "category": null,
    "contentType": "text/html",
    "dontCache": true,
    "enableBasicAuth": false,
    "grantees": [
      {
        "allowed": "accessControl,read,write,delete",
        "name": "admin"
      }
    ],
    "hidden": false,
    "hideConditions": null,
    "id": "5af69332914746079d74d72ea12bdb9a",
    "owner": {
      "name": "admin"
    },
    "pageCreatesRawData": false,
    "path": null,
    "position": 1,
    "showConditions": null,
    "showOnErrorCodes": null,
    "visibleToAuthenticatedUsers": true,
    "visibleToPublicUsers": true
  },
  "login": {
    "basicAuthRealm": null,
    "cacheForSeconds": null,
    "category": null,
    "contentType": "text/html",
    "dontCache": false,
    "enableBasicAuth": false,
    "grantees": [
      {
        "allowed": "accessControl,read,write,delete",
        "name": "admin"
      }
    ],
    "hidden": false,
    "hideConditions": null,
    "id": "945efc0b5b8d4e1cba4502e964746e8b",
    "owner": {
      "name": "admin"
    },
    "pageCreatesRawData": false,
    "path": null,
    "position": 5,
    "showConditions": null,
    "showOnErrorCodes": "404",
    "visibleToAuthenticatedUsers": false,
    "visibleToPublicUsers": true
  },
  "logout": {
    "basicAuthRealm": null,
    "cacheForSeconds": null,
    "category": null,
    "contentType": "text/html",
    "dontCache": false,
    "enableBasicAuth": false,
    "grantees": [
      {
        "allowed": "accessControl,read,write,delete",
        "name": "admin"
      }
    ],
    "hidden": false,
    "hideConditions": null,
    "id": "31bc77fa3c224afda497cb7305e4a4b4",
    "owner": {
      "name": "admin"
    },
    "pageCreatesRawData": false,
    "path": null,
    "position": null,
    "showConditions": null,
    "showOnErrorCodes": "404",
    "visibleToAuthenticatedUsers": true,
    "visibleToPublicUsers": false
  },
  "member": {
    "basicAuthRealm": null,
    "cacheForSeconds": null,
    "category": null,
    "contentType": "text/html",
    "dontCache": false,
    "enableBasicAuth": false,
    "grantees": [
      {
        "allowed": "accessControl,read,write,delete",
        "name": "admin"
      }
    ],
    "hidden": false,
    "hideConditions": null,
    "id": "63c5218009334986b9aef83eea2f6723",
    "owner": {
      "name": "admin"
    },
    "pageCreatesRawData": false,
    "path": null,
    "position": 200,
    "showConditions": null,
    "showOnErrorCodes": null,
    "visibleToAuthenticatedUsers": true,
    "visibleToPublicUsers": true
  },
  "profile": {
    "basicAuthRealm": null,
    "cacheForSeconds": null,
    "category": null,
    "contentType": "text/html",
    "dontCache": false,
    "enableBasicAuth": false,
    "grantees": [
      {
        "allowed": "accessControl,read,write,delete",
        "name": "admin"
      }
    ],
    "hidden": false,
    "hideConditions": null,
    "id": "28bae438850e43e78116c978b7e8ee1a",
    "owner": {
      "name": "admin"
    },
    "pageCreatesRawData": false,
    "path": null,
    "position": 50,
    "showConditions": null,
    "showOnErrorCodes": null,
    "visibleToAuthenticatedUsers": true,
    "visibleToPublicUsers": false
  },
  "register": {
    "basicAuthRealm": null,
    "cacheForSeconds": null,
    "category": null,
    "contentType": "text/html",
    "dontCache": false,
    "enableBasicAuth": false,
    "grantees": [
      {
        "allowed": "accessControl,read,write,delete",
        "name": "admin"
      }
    ],
    "hidden": false,
    "hideConditions": null,
    "id": "f096a6a0ce8d4a7e8433c4b80c2b7746",
    "owner": {
      "name": "admin"
    },
    "pageCreatesRawData": false,
    "path": null,
    "position": 30,
    "showConditions": null,
    "showOnErrorCodes": null,
    "visibleToAuthenticatedUsers": false,
    "visibleToPublicUsers": true
  },
  "register_error": {
    "basicAuthRealm": null,
    "cacheForSeconds": null,
    "category": null,
    "contentType": "text/html",
    "dontCache": false,
    "enableBasicAuth": false,
    "grantees": [
      {
        "allowed": "accessControl,read,write,delete",
        "name": "admin"
      }
    ],
    "hidden": false,
    "hideConditions": null,
    "id": "20ebe5fc17ae45bebe45e08d3b5a0f30",
    "owner": {
      "name": "admin"
    },
    "pageCreatesRawData": false,
    "path": null,
    "position": 40,
    "showConditions": null,
    "showOnErrorCodes": null,
    "visibleToAuthenticatedUsers": false,
    "visibleToPublicUsers": true
  },
  "register_thanks": {
    "basicAuthRealm": null,
    "cacheForSeconds": null,
    "category": null,
    "contentType": "text/html",
    "dontCache": false,
    "enableBasicAuth": false,
    "grantees": [
      {
        "allowed": "accessControl,read,write,delete",
        "name": "admin"
      }
    ],
    "hidden": false,
    "hideConditions": null,
    "id": "3f5bb40a2c6a4cb4a570333a73db510e",
    "owner": {
      "name": "admin"
    },
    "pageCreatesRawData": false,
    "path": null,
    "position": 50,
    "showConditions": null,
    "showOnErrorCodes": null,
    "visibleToAuthenticatedUsers": true,
    "visibleToPublicUsers": false
  }
}