[
	{"flags":1,"id":"fd707cbda43c4e0398549f7a6001cfa8","signature":"/"},
	{"flags":1,"id":"ff2df603bbf44df3b824d0a1090d79a2","signature":"/_Custom"},
	{"flags":0,"id":"7e564f29dff9479e9b4fe9d9690f72d4","signature":"A"},
	{"flags":0,"id":"d38a9e74f46d4f3bbf086026bfc3c4a6","signature":"A/_Ui"},
	{"flags":0,"id":"08a2d3c6e61e407180d00678ec47af4e","signature":"Abbr"},
	{"flags":0,"id":"8996a692354b4db59914409c0d0603da","signature":"Abbr/_Ui"},
	{"flags":0,"id":"ade223bf08124a9db45342743c2e2762","signature":"AbstractFile"},
	{"flags":0,"id":"52168ca183af4ca7a12aea8639e0c5ea","signature":"AbstractFile/AbstractFile"},
	{"flags":0,"id":"e34ea0d28ed24591a7cd4f5da24e3689","signature":"AbstractFile/AbstractFile/_Ui"},
	{"flags":0,"id":"baeefb895d3641ddacc306e97ddfb802","signature":"AbstractFile/Folder"},
	{"flags":0,"id":"05b864316bbb435bbab18f5fa35f7059","signature":"AbstractFile/Folder/_Ui"},
	{"flags":0,"id":"a7f4841e216c4530849b531db81de990","signature":"AbstractFile/_Ui"},
	{"flags":0,"id":"5ab39d1808f949aa9d2083865472db31","signature":"AbstractMinifiedFile"},
	{"flags":0,"id":"9956e8e4d2704056abf1dd03efcc3b32","signature":"AbstractMinifiedFile/File"},
	{"flags":0,"id":"2be387fa08a04ece96148c7a646f3d46","signature":"AbstractMinifiedFile/File/_Ui"},
	{"flags":0,"id":"f09009325e7b4630aa28c192feecbe9f","signature":"AbstractMinifiedFile/_Ui"},
	{"flags":0,"id":"420bd46a70c84a65ae3b2ba392335d4d","signature":"Address"},
	{"flags":0,"id":"a10411cd782247109812198297530ac9","signature":"Address/_Ui"},
	{"flags":0,"id":"df50491ffd1642e1b432e0dd2b3c0e6b","signature":"ApplicationConfigurationDataNode"},
	{"flags":0,"id":"7844c25ce463499991b8a48e2169c7db","signature":"ApplicationConfigurationDataNode/_Ui"},
	{"flags":0,"id":"e0cfe5c372b04868803e02df5cd2b323","signature":"Area"},
	{"flags":0,"id":"ac74803573e841488545665d9a680e0d","signature":"Area/_Ui"},
	{"flags":0,"id":"b529eb5225be4260831ce6ccf17337d0","signature":"Article"},
	{"flags":0,"id":"0b7c2592e54e4cd88e73a7644a55552b","signature":"Article/_Ui"},
	{"flags":0,"id":"8437193769ea44359d4faa215df1a5fa","signature":"Aside"},
	{"flags":0,"id":"abb334113a3a425b939f24536852f489","signature":"Aside/_Ui"},
	{"flags":0,"id":"dddc5ca6bf7549bfa20b01e2ad0ac309","signature":"Audio"},
	{"flags":0,"id":"926eaa8ad3044d7eb084f2410e6427aa","signature":"Audio/_Ui"},
	{"flags":0,"id":"07696fb9380440bbab47b318cb4786c2","signature":"B"},
	{"flags":0,"id":"d770ddd05c544b2cae3d5e47cf283613","signature":"B/_Ui"},
	{"flags":0,"id":"9638e7f958e347adbaca2f78a11109b7","signature":"Base"},
	{"flags":0,"id":"a89dc1acca454c00bc96056994bb2b1f","signature":"Base/_Ui"},
	{"flags":0,"id":"1e64f479449b448cb724e934860575f4","signature":"Bdi"},
	{"flags":0,"id":"a340685b0b3d43d3849b7f78d78ce122","signature":"Bdi/_Ui"},
	{"flags":0,"id":"fc8890e8c24d41cb8bd95d1da30fff47","signature":"Bdo"},
	{"flags":0,"id":"174ffb02f73345d997a56f874c04d5db","signature":"Bdo/_Ui"},
	{"flags":0,"id":"41c9cfd5659542a2bed69c9f528e629f","signature":"Blockquote"},
	{"flags":0,"id":"a49cdeee341f4b4da7ae06e8575efa04","signature":"Blockquote/_Ui"},
	{"flags":0,"id":"563f07bb2dc84d29ac81b63061951f68","signature":"Body"},
	{"flags":0,"id":"1084fd3842564eabb02670ecc71084e7","signature":"Body/_Ui"},
	{"flags":0,"id":"b7329a9f7e4d42e8b25243e7c4f27f28","signature":"Br"},
	{"flags":0,"id":"6f9c501b039c4a56994bc14649abed4e","signature":"Br/_Ui"},
	{"flags":0,"id":"edc5456854584c3ca72eb58011aeb65c","signature":"Button"},
	{"flags":0,"id":"1068c2e2fbee4336952d6a246d472755","signature":"Button/_Ui"},
	{"flags":0,"id":"94568d187789429fb12f182cfa243f7e","signature":"Canvas"},
	{"flags":0,"id":"ad3d942a532a44328f1c4d8d7ff5ce2c","signature":"Canvas/_Ui"},
	{"flags":0,"id":"73f9bba9ebc04731951b0caded4485fb","signature":"Caption"},
	{"flags":0,"id":"ee88da6273f840288e5de35908a3fe87","signature":"Caption/_Ui"},
	{"flags":0,"id":"d491b3aba5f34a5291076221da334f59","signature":"Category"},
	{"flags":0,"id":"58d754a049904aaebf7938b17cab19c4","signature":"Category/Event"},
	{"flags":0,"id":"13858bda9350424fbb12c32d02f18f39","signature":"Category/Event/_Ui"},
	{"flags":0,"id":"6c434878f6684e7bbe03d34110eb907f","signature":"Category/_Ui"},
	{"flags":0,"id":"cc46dfd5532743d7bbf68ca7ad250b0b","signature":"Cdata"},
	{"flags":0,"id":"9cabf41952144cfbb25ec5f7e8326d0b","signature":"Cdata/_Ui"},
	{"flags":0,"id":"475983739e844fe498958465c0ff37a8","signature":"Cite"},
	{"flags":0,"id":"5448143c00ae443293d0c4506d3ebcbc","signature":"Cite/_Ui"},
	{"flags":0,"id":"794a32460d5b4c50b34168a6194d0987","signature":"City"},
	{"flags":0,"id":"578be42acb25498c8972167475507f3c","signature":"City/Country"},
	{"flags":0,"id":"de3c2174f66f475196c8b374014054a9","signature":"City/Country/_Ui"},
	{"flags":0,"id":"7a285bf9a44f4f66839892d2b8782faa","signature":"City/EventLocation"},
	{"flags":0,"id":"abd9d4cfc7fc4b14bcca06efc5cda3ff","signature":"City/EventLocation/_Ui"},
	{"flags":0,"id":"a861acec9f6b411594f327d199c3a6b8","signature":"City/_Ui"},
	{"flags":0,"id":"f6e768ab030c4848af3ab0a95b8dd1da","signature":"Code"},
	{"flags":0,"id":"50198bea03e34464b400ad848b6010a0","signature":"Code/_Ui"},
	{"flags":0,"id":"45eb0819566643d19c0796c162529544","signature":"Col"},
	{"flags":0,"id":"d3835546c3f141dd98c860711f25d6b6","signature":"Col/_Ui"},
	{"flags":0,"id":"d21c072663b944cba814a9c22a418c19","signature":"Colgroup"},
	{"flags":0,"id":"bed9a8ac8b0d44bd8ccd4fd3fafbe125","signature":"Colgroup/_Ui"},
	{"flags":0,"id":"09e7b1a83e5c4a3181f1bb8c12a2492c","signature":"Command"},
	{"flags":0,"id":"318d91836b1d418dba102ac132c59ebd","signature":"Command/_Ui"},
	{"flags":0,"id":"f29a0d7484c142c0a5d61ea193c7decc","signature":"Comment"},
	{"flags":0,"id":"238d9df3e9664c5f8f818ffeca512e51","signature":"Comment/_Ui"},
	{"flags":0,"id":"a40651f472ce4026a5d0c530fc183681","signature":"Component"},
	{"flags":0,"id":"d6b2d7615ea940d5a35b627e427c06b5","signature":"Component/_Ui"},
	{"flags":0,"id":"55b1ae486858450ca7c277aae1d3d77b","signature":"ConceptGroup"},
	{"flags":0,"id":"451a882aa573481fb96c444b27624715","signature":"ConceptGroup/ConceptGroup"},
	{"flags":0,"id":"dd79005831e2455ab425b4924d5d528d","signature":"ConceptGroup/ConceptGroup/_Ui"},
	{"flags":0,"id":"e4b9b83f30b94ed28c850899f9591b5c","signature":"ConceptGroup/ConceptGroupLabel"},
	{"flags":0,"id":"da2b597b0505493e8cc5fa3cc24e259d","signature":"ConceptGroup/ConceptGroupLabel/_Ui"},
	{"flags":0,"id":"be274453f8ac4f25a1c0356dfdb232d7","signature":"ConceptGroup/Thesaurus"},
	{"flags":0,"id":"68feb5ab9f0b4a4984dd26a6d4f54132","signature":"ConceptGroup/Thesaurus/_Ui"},
	{"flags":0,"id":"ce99226f3de543b7a4a03a64451f4ec8","signature":"ConceptGroup/ThesaurusConcept"},
	{"flags":0,"id":"10c136b3d2aa421386486a9a30057391","signature":"ConceptGroup/ThesaurusConcept/_Ui"},
	{"flags":0,"id":"410b9bcf4feb411dbfc1694647f7cdcf","signature":"ConceptGroup/_Ui"},
	{"flags":0,"id":"128f58b06a9e48ed95a9014bf2b55088","signature":"ConceptGroupLabel"},
	{"flags":0,"id":"bb066a3713654fb9851371f93c70d53f","signature":"ConceptGroupLabel/ConceptGroup"},
	{"flags":0,"id":"8fcaa54cd5d7485bbeb7c82cd694df93","signature":"ConceptGroupLabel/ConceptGroup/_Ui"},
	{"flags":0,"id":"6512c008d4e448ffb3f977823d1f62b7","signature":"ConceptGroupLabel/_Ui"},
	{"flags":0,"id":"cd9293a5bdea415095535f1b0d15646b","signature":"Content"},
	{"flags":0,"id":"3fa59e4721b046719fa9abae1e5b7f8e","signature":"Content/_Ui"},
	{"flags":0,"id":"137937b18ff244acb78d82e6af679537","signature":"ContentContainer"},
	{"flags":0,"id":"0e9e6e1131b143d4ade44b42649c4a6d","signature":"ContentContainer/ContentContainer"},
	{"flags":0,"id":"fdb7726ce88b46ee9ae187d018a6575b","signature":"ContentContainer/ContentContainer/_Ui"},
	{"flags":0,"id":"6aefebb9d3c541d59ac952e01ef5ce5e","signature":"ContentContainer/ContentItem"},
	{"flags":0,"id":"c65878e512674d9199bcacc814250a83","signature":"ContentContainer/ContentItem/_Ui"},
	{"flags":0,"id":"4fa9779cd6a54f82a3f7152d444f8f2f","signature":"ContentContainer/_Ui"},
	{"flags":0,"id":"a97809c58e20472d8ee109c0a193afa7","signature":"ContentItem"},
	{"flags":0,"id":"cbf0e186b35d471f89c91c4f389d9116","signature":"ContentItem/ContentContainer"},
	{"flags":0,"id":"caea81a61b694fb588404cdeb2001e67","signature":"ContentItem/ContentContainer/_Ui"},
	{"flags":0,"id":"5cb63ed202f14ad69ad600518eb3752e","signature":"ContentItem/_Ui"},
	{"flags":0,"id":"6d8263aee7364a02b41790a437a32eb0","signature":"Country"},
	{"flags":0,"id":"4d8c068195a64771b26781a51ee9d8c3","signature":"Country/City"},
	{"flags":0,"id":"5b2ecdc94c3641e793f89d3a43b3b8f9","signature":"Country/City/_Ui"},
	{"flags":0,"id":"af32e3775c104044929d79d2f4836a72","signature":"Country/_Ui"},
	{"flags":0,"id":"369e289fee004078971dae8d465544a5","signature":"CsvFile"},
	{"flags":0,"id":"b0eb667e6ec0407490170eb9862c1dcb","signature":"CsvFile/_Ui"},
	{"flags":0,"id":"c046ae2a14e841b6bc689fcca3c6afd7","signature":"CustomConceptAttribute"},
	{"flags":0,"id":"ab8d61219ea246b8b8756ae1249e9c9d","signature":"CustomConceptAttribute/ThesaurusConcept"},
	{"flags":0,"id":"0cddccea6cd045f0844577e2eb578a9e","signature":"CustomConceptAttribute/ThesaurusConcept/_Ui"},
	{"flags":0,"id":"920a296db15d4cfc8a42c3fa9ed95efa","signature":"CustomConceptAttribute/_Ui"},
	{"flags":0,"id":"f3b3fa237f6a4db7947e72840921d4ec","signature":"CustomNote"},
	{"flags":0,"id":"832b4289f8aa45d69607eeb8f5cf3f71","signature":"CustomNote/ThesaurusConcept"},
	{"flags":0,"id":"ab4e3d5698e74104870c4d6d9860f845","signature":"CustomNote/ThesaurusConcept/_Ui"},
	{"flags":0,"id":"eb75c7467d9b4bff8d2d8ae987632082","signature":"CustomNote/_Ui"},
	{"flags":0,"id":"ce642cb080b34f129c860c85add8a443","signature":"CustomTermAttribute"},
	{"flags":0,"id":"b94728b4079a471caee796bd82ba0826","signature":"CustomTermAttribute/ThesaurusTerm"},
	{"flags":0,"id":"4ef55ceb1c8043368e9560d5e5983d03","signature":"CustomTermAttribute/ThesaurusTerm/_Ui"},
	{"flags":0,"id":"e989b606bb9c478b80aa24f7a95d1e1d","signature":"CustomTermAttribute/_Ui"},
	{"flags":0,"id":"2effe1019c3541f4a1403b97883cb28a","signature":"DOMElement"},
	{"flags":0,"id":"4ba1085dfe52477aaa5e5515af74e750","signature":"DOMElement/_Ui"},
	{"flags":0,"id":"6af6da59934546ae925b96a8eee32482","signature":"DOMNode"},
	{"flags":0,"id":"3dbbf31534464a59b6e20f3540c6f9ef","signature":"DOMNode/DOMNode"},
	{"flags":0,"id":"b96951d3ebfb4b85b4416803a08cff2b","signature":"DOMNode/DOMNode/_Ui"},
	{"flags":0,"id":"71546d7ab46b4e83ba3bcfc76dbc797e","signature":"DOMNode/Page"},
	{"flags":0,"id":"b71e9aa5c6a143c4aacb09a9eecf58d5","signature":"DOMNode/Page/_Ui"},
	{"flags":0,"id":"e5eb66644d3a4df18ddbe55b96db24e9","signature":"DOMNode/_Ui"},
	{"flags":0,"id":"a8b3c197340c40ba82c34e3bb1c57df7","signature":"DataFeed"},
	{"flags":0,"id":"ca4ff24db716461fb201f7890afdd54e","signature":"DataFeed/FeedItem"},
	{"flags":0,"id":"54208dabb4624ad1b5e3477360bad5c9","signature":"DataFeed/FeedItem/_Ui"},
	{"flags":0,"id":"62c07404f2ba4af7830b9ace4b6202e0","signature":"DataFeed/_Ui"},
	{"flags":0,"id":"75592e572d5d45a5bc35967752a5a74d","signature":"Datalist"},
	{"flags":0,"id":"1a35d102c19f43b3a09a6f8224bed71b","signature":"Datalist/_Ui"},
	{"flags":0,"id":"bc4ba9a1387b4cddb5e392a187b6895a","signature":"Dd"},
	{"flags":0,"id":"fd7d22724f414d88b56fa39b398ef473","signature":"Dd/_Ui"},
	{"flags":0,"id":"eda86a12410a47b2a57c5702dde5d1ed","signature":"Definition"},
	{"flags":0,"id":"c9e177e8402749259f5527ecaca685fd","signature":"Definition/ThesaurusTerm"},
	{"flags":0,"id":"2577a043da4b47f49576b7e9e6a30797","signature":"Definition/ThesaurusTerm/_Ui"},
	{"flags":0,"id":"f01c07475ab54af9bfd0f62c2af38e2d","signature":"Definition/_Ui"},
	{"flags":0,"id":"7537e070f6a74fa5bcd54724137544b5","signature":"Del"},
	{"flags":0,"id":"ec24e0057abc440bb1efe85cba2b51fa","signature":"Del/_Ui"},
	{"flags":0,"id":"4d5b25ca9b964b798513e6f8604b9b40","signature":"Details"},
	{"flags":0,"id":"a6eb894b03ed47acaf12aaed3475d234","signature":"Details/_Ui"},
	{"flags":0,"id":"61a3529c7dd74b3c9f17968f94a46752","signature":"Dfn"},
	{"flags":0,"id":"e1d115165fbd45a4be6456c5fe34a4b5","signature":"Dfn/_Ui"},
	{"flags":0,"id":"85f60174743e407b83007c213139a522","signature":"Div"},
	{"flags":0,"id":"1d3fd6289b7d4811828f8aa1e2e9e412","signature":"Div/_Ui"},
	{"flags":0,"id":"850b0ed74d6d485293d7c2dba595bad5","signature":"Dl"},
	{"flags":0,"id":"b526eaaa413a47daaba67b24a02f0aa2","signature":"Dl/_Ui"},
	{"flags":0,"id":"412c5709732e44dab8213aced111b5d7","signature":"DocumentFragment"},
	{"flags":0,"id":"a4accbb3b3644ddd9eb2a3d80933be26","signature":"DocumentFragment/_Ui"},
	{"flags":0,"id":"2a6ff2461bfe4b49ad6cc86176c53173","signature":"Dt"},
	{"flags":0,"id":"0383b868bff34237b5061e542b7cce60","signature":"Dt/_Ui"},
	{"flags":0,"id":"8de1c4b99ff148caaa06635256c4ebb6","signature":"EMailMessage"},
	{"flags":0,"id":"6c6884ede7134bb880bb74c8fb322003","signature":"EMailMessage/File"},
	{"flags":0,"id":"4fb808c1fa2541b694200d35d89e5994","signature":"EMailMessage/File/_Ui"},
	{"flags":0,"id":"f12b6a62a3394056bed9a4497bb52672","signature":"EMailMessage/Mailbox"},
	{"flags":0,"id":"c4d93d1b1ed74dd5b591bb9e1531ce3e","signature":"EMailMessage/Mailbox/_Ui"},
	{"flags":0,"id":"75cd7ea4ff644a36af3dda640bffce8c","signature":"EMailMessage/_Ui"},
	{"flags":0,"id":"36ef0127c8684db4b1f6a2b7c85898b2","signature":"EditorialNote"},
	{"flags":0,"id":"ecc00c3b0c314df78530c11c0601661c","signature":"EditorialNote/ThesaurusTerm"},
	{"flags":0,"id":"875bd7d894fa4f4e928c8d6357b564ee","signature":"EditorialNote/ThesaurusTerm/_Ui"},
	{"flags":0,"id":"d5c3f0cb78d946e0b411547d973604eb","signature":"EditorialNote/_Ui"},
	{"flags":0,"id":"77fca4078448460b898650b9f3162bcd","signature":"Em"},
	{"flags":0,"id":"912f2aee3bf042e78e23a9a86c42032b","signature":"Em/_Ui"},
	{"flags":0,"id":"a30904be9c6f4bf8b96aeab20fc60066","signature":"Embed"},
	{"flags":0,"id":"166085df5eea4ec3a342746b610991e5","signature":"Embed/_Ui"},
	{"flags":7,"id":"66ebd5c78d3340ba83ff4e25f5d09c3f","signature":"Event"},
	{"flags":0,"id":"084bb41326744c3cbf2515380e14b3c3","signature":"Event/Category"},
	{"flags":0,"id":"cc9667c233bc438a8ea284c5f00cfdbf","signature":"Event/Category/_Ui"},
	{"flags":4,"id":"63a6028e80b447ab89793e965fa4fb49","signature":"Event/Deregister"},
	{"flags":0,"id":"aff7d62107884988860165c13ed2f524","signature":"Event/EventImage"},
	{"flags":0,"id":"419c9f714aa14909a7ceeeb4dad6b531","signature":"Event/EventImage/_Ui"},
	{"flags":0,"id":"5d7420a92e9643558a319cae93065844","signature":"Event/EventLocation"},
	{"flags":0,"id":"7702cefbba1249daa070fc7855776809","signature":"Event/EventLocation/_Ui"},
	{"flags":0,"id":"445aa57f66fc46cabd6edf6920d4e6e8","signature":"Event/Group"},
	{"flags":0,"id":"066e8c819e0e4f8aaf56ed66bb37f1c4","signature":"Event/Group/_Ui"},
	{"flags":0,"id":"b80c3e7caaaa43ceafcd55d7c86c70aa","signature":"Event/Member"},
	{"flags":0,"id":"996319486bb446bab092ca5e89320bf4","signature":"Event/Member/_Ui"},
	{"flags":0,"id":"ade4226d6bf64ccea37c83f6442b7b69","signature":"Event/Message"},
	{"flags":0,"id":"0d863ae8105b4e0a9aa07fc64a27ed0b","signature":"Event/Message/_Ui"},
	{"flags":4,"id":"331a9a6b93fa4b6da234fa63ecb056bb","signature":"Event/Publish"},
	{"flags":4,"id":"3e440ec3380d4ac1accf095fc73d3066","signature":"Event/Register"},
	{"flags":4,"id":"a407aa39113e47229951fadfa7e8ddb3","signature":"Event/Subscribe"},
	{"flags":4,"id":"61e1b8154d284d75b81ad86b13c379c9","signature":"Event/Unpublish"},
	{"flags":4,"id":"45946c4c1cad422c9d9fdb870a46b0ee","signature":"Event/Unsubscribe"},
	{"flags":0,"id":"6455cb2056d844c8a19c6ed093af6dfc","signature":"Event/_Ui"},
	{"flags":0,"id":"d340260e37f94608a86c46d3ecf484d7","signature":"EventImage"},
	{"flags":0,"id":"f9eafba255b94db581e5e77f04adedc1","signature":"EventImage/Event"},
	{"flags":0,"id":"be669106b5fa49b190bcb05fcc201327","signature":"EventImage/Event/_Ui"},
	{"flags":0,"id":"cadf17acabad40f5865bede7bd942657","signature":"EventImage/_Ui"},
	{"flags":0,"id":"247b8167b93c417c838749fefac39e31","signature":"EventLocation"},
	{"flags":0,"id":"4cde400e2e32420a993d2ed31fd8d3a2","signature":"EventLocation/City"},
	{"flags":0,"id":"9d0ed74533154c8b96e8c73cbc41073f","signature":"EventLocation/City/_Ui"},
	{"flags":0,"id":"d38fa9be791346c9a7d7828d3563bc86","signature":"EventLocation/Event"},
	{"flags":0,"id":"6007a74626d8454eba1f6fd676634157","signature":"EventLocation/Event/_Ui"},
	{"flags":0,"id":"fdf9ca78bcf74c3495b1f00d61d0417d","signature":"EventLocation/_Ui"},
	{"flags":0,"id":"0e5be154a9c64b1ea4747d301de4ba6a","signature":"Favoritable"},
	{"flags":0,"id":"07175f1569764f21bbbe9510d941eb50","signature":"Favoritable/Principal"},
	{"flags":0,"id":"ce5ae2eafee142438dfa61f1692dae1b","signature":"Favoritable/Principal/_Ui"},
	{"flags":0,"id":"0c69f22a9ffc4a288ab4948539cc5344","signature":"Favoritable/_Ui"},
	{"flags":0,"id":"4a6d2afb262448a98e48ab7480bcfa22","signature":"FeedItem"},
	{"flags":0,"id":"289433a714d54657a2a114fa9760bae3","signature":"FeedItem/DataFeed"},
	{"flags":0,"id":"2d710ef973b245a6807706e3b0fadbf2","signature":"FeedItem/DataFeed/_Ui"},
	{"flags":0,"id":"9cf35eb3f4c94ffda2c8afa9414a3af6","signature":"FeedItem/FeedItemContent"},
	{"flags":0,"id":"c4e080ec39a84ef1b6b1e85255e1ffa0","signature":"FeedItem/FeedItemContent/_Ui"},
	{"flags":0,"id":"199016cc82b44790b011937dc1c14f56","signature":"FeedItem/FeedItemEnclosure"},
	{"flags":0,"id":"4cc4e231ad8b4f3ba6af840ad87d7df8","signature":"FeedItem/FeedItemEnclosure/_Ui"},
	{"flags":0,"id":"948d21933a374ca1be2d4219f80200cf","signature":"FeedItem/_Ui"},
	{"flags":0,"id":"47f61235ec834b94a6c94d46341634e1","signature":"FeedItemContent"},
	{"flags":0,"id":"8bdbd24d3875491a9d0e51fdd5738cfe","signature":"FeedItemContent/FeedItem"},
	{"flags":0,"id":"5639b82ad9a84b31a2c710278b7abaac","signature":"FeedItemContent/FeedItem/_Ui"},
	{"flags":0,"id":"e1765642e8ac478a89dc16ef85b59fd9","signature":"FeedItemContent/_Ui"},
	{"flags":0,"id":"c5966a27fe8a42a987d239351bb31755","signature":"FeedItemEnclosure"},
	{"flags":0,"id":"53898d6b0da14911b8ccfaf7a36d433c","signature":"FeedItemEnclosure/FeedItem"},
	{"flags":0,"id":"3aa31f6664b042f291f2322a7adc0713","signature":"FeedItemEnclosure/FeedItem/_Ui"},
	{"flags":0,"id":"b7472c232a5b46d0ad438b442758f89f","signature":"FeedItemEnclosure/_Ui"},
	{"flags":0,"id":"1a443038f44a4ec993ab04d9535821e5","signature":"Fieldset"},
	{"flags":0,"id":"fb86d0847e9f40359b7b441358ca3edb","signature":"Fieldset/_Ui"},
	{"flags":0,"id":"e1e511b3e4e04ca8b0d78cec0a109241","signature":"Figcaption"},
	{"flags":0,"id":"6e359b12a92e4dc4b6a145919899889a","signature":"Figcaption/_Ui"},
	{"flags":0,"id":"d9c314745532477798e8d98f3fde82b1","signature":"Figure"},
	{"flags":0,"id":"fc851cee1f3f4996827c34212dc4d20b","signature":"Figure/_Ui"},
	{"flags":0,"id":"c35dd89e28e3409197509c02c613ba30","signature":"File"},
	{"flags":0,"id":"bef87900d6e84e37a0eafb3d1f76c1cf","signature":"File/AbstractMinifiedFile"},
	{"flags":0,"id":"8953d98b8c5d4993a9a811cd7e6781a1","signature":"File/AbstractMinifiedFile/_Ui"},
	{"flags":0,"id":"8a9f5ec59c6b4856889d07cab7dc3f0a","signature":"File/EMailMessage"},
	{"flags":0,"id":"d75e414567b245688782f45531d0403b","signature":"File/EMailMessage/_Ui"},
	{"flags":0,"id":"c9318733c478471394b0fc660f5cf95d","signature":"File/Folder"},
	{"flags":0,"id":"c78603e241d24ae6877c129a17c01618","signature":"File/Folder/_Ui"},
	{"flags":0,"id":"a14ae854031646698ecfaf8a9cb137da","signature":"File/ODFExporter"},
	{"flags":0,"id":"09bb83b2b5de42a8bfd065985a15d132","signature":"File/ODFExporter/_Ui"},
	{"flags":0,"id":"9ffd3d284f1b444aaa4cd58fbf828ea8","signature":"File/_Ui"},
	{"flags":0,"id":"4f814e5565214fd7a4405ed300aaf570","signature":"Folder"},
	{"flags":0,"id":"412cc9ef41e94551bca9f8c0bdcfe01f","signature":"Folder/AbstractFile"},
	{"flags":0,"id":"9edac96a5ff149e58ca3eda19196aeb8","signature":"Folder/AbstractFile/_Ui"},
	{"flags":0,"id":"e29489ac4f3446be9975cdbf1411e930","signature":"Folder/File"},
	{"flags":0,"id":"69b4c8413f22473bac532a6d4c8fdae1","signature":"Folder/File/_Ui"},
	{"flags":0,"id":"3fac3d0ad5544876a732233e23b2a697","signature":"Folder/Folder"},
	{"flags":0,"id":"be0058bb652645aba7434b9dde47614a","signature":"Folder/Folder/_Ui"},
	{"flags":0,"id":"79c4ffb1a4c142b3bbba5c8fd2547814","signature":"Folder/Image"},
	{"flags":0,"id":"61aeb32851454b169d925cd3d105aaa1","signature":"Folder/Image/_Ui"},
	{"flags":0,"id":"96783ec166104f5fb68afedae568190f","signature":"Folder/User"},
	{"flags":0,"id":"1a5ec50b420542bc89a398156620be75","signature":"Folder/User/_Ui"},
	{"flags":0,"id":"8a53b5a806d240f9a2d0c28f450ac15b","signature":"Folder/_Ui"},
	{"flags":0,"id":"05bebbb93d3747078f8466f224a0203a","signature":"Footer"},
	{"flags":0,"id":"45c6e4a4fee24119887a3ccd45fd14da","signature":"Footer/_Ui"},
	{"flags":0,"id":"8bbddf211c234bf98ab5f9ad31082a82","signature":"Form"},
	{"flags":0,"id":"fc9bed8be19847cabeb1c37676cc6977","signature":"Form/_Ui"},
	{"flags":0,"id":"95e3ed8b67f54bacb0e05fb624f0c671","signature":"G"},
	{"flags":0,"id":"a0762d4fdf3842f9ac395257720f956e","signature":"G/_Ui"},
	{"flags":7,"id":"df7cb69850a54fac9fb4c22f28b1588f","signature":"Group"},
	{"flags":0,"id":"476735b09d8c435c9ca25643a15e26ed","signature":"Group/Event"},
	{"flags":0,"id":"9c529e663f134d689395cabfcf745aae","signature":"Group/Event/_Ui"},
	{"flags":0,"id":"5235bd1887774723b0d8fce513e2f776","signature":"Group/GroupImage"},
	{"flags":0,"id":"92de03ddd94f43ed923cd52d88799183","signature":"Group/GroupImage/_Ui"},
	{"flags":4,"id":"46c349e9dc9548c58c4832e53c72bf98","signature":"Group/Join"},
	{"flags":4,"id":"e904abcc343149adb576b631a74b74c3","signature":"Group/Leave"},
	{"flags":0,"id":"f2a756930f0b49a995baa67a194f6478","signature":"Group/Member"},
	{"flags":0,"id":"0605df9aaf894c13a86290293e6e9623","signature":"Group/Member/_Ui"},
	{"flags":0,"id":"8a5b08e12a3249028ff7af74482f40c2","signature":"Group/Principal"},
	{"flags":0,"id":"905f383d46ae49d9947ab18bed4db0ed","signature":"Group/Principal/_Ui"},
	{"flags":4,"id":"0f01cec0aca242c2ba5e4c3c552a690d","signature":"Group/Publish"},
	{"flags":4,"id":"3f4e1a4e42ec46c284a2ddcb04e3dee5","signature":"Group/Unpublish"},
	{"flags":1,"id":"4be2a2ee217c4ae3be087219a8c91eef","signature":"Group/_Manage"},
	{"flags":0,"id":"d41a9b5d18384821bab330b34be7bb2f","signature":"Group/_Ui"},
	{"flags":0,"id":"a50ec59f4b004465a03612d24e478a05","signature":"GroupImage"},
	{"flags":0,"id":"d79fdd2185c64fa49d526a6c8620aa54","signature":"GroupImage/Group"},
	{"flags":0,"id":"3de9bfbb71124173a9c639beb7b6b0c7","signature":"GroupImage/Group/_Ui"},
	{"flags":0,"id":"f88d71ceafc740fcaf9cba0f83710bc0","signature":"GroupImage/_Ui"},
	{"flags":0,"id":"48a0a75bc043493cbbec64dac5d9a8ba","signature":"H1"},
	{"flags":0,"id":"534fddcfcbe14c27b3bc503755f64aca","signature":"H1/_Ui"},
	{"flags":0,"id":"b4333f0ea4744354b0cfe57c11375dc6","signature":"H2"},
	{"flags":0,"id":"e2c55687a0004bda93db0518bba46c0f","signature":"H2/_Ui"},
	{"flags":0,"id":"668ceab6195c4023836971eedb3aa0a2","signature":"H3"},
	{"flags":0,"id":"aa1a71cf15634ae996adaa0ef80da946","signature":"H3/_Ui"},
	{"flags":0,"id":"79d9dc1c907843989d864c5618836d93","signature":"H4"},
	{"flags":0,"id":"9b17e85f572c4a36a2ba47f10ab7c9d0","signature":"H4/_Ui"},
	{"flags":0,"id":"201b3622ef9544da95be7f25dbce6fdb","signature":"H5"},
	{"flags":0,"id":"d37aa01385594a58ae98420a0bd78364","signature":"H5/_Ui"},
	{"flags":0,"id":"d0d9627c6a6543c19a943683aa3e4a32","signature":"H6"},
	{"flags":0,"id":"59c8f17e7d17444aaa650e92a4c1f37f","signature":"H6/_Ui"},
	{"flags":0,"id":"2cf85595f2684c0ca6c55f208654e0b8","signature":"Head"},
	{"flags":0,"id":"72a7525a21124bb0b2c35b8de6dd770c","signature":"Head/_Ui"},
	{"flags":0,"id":"5a560a7bc13a4e87913c34f1dd34c3bf","signature":"Header"},
	{"flags":0,"id":"88ee1d291cd74b89b9430c240e6843e1","signature":"Header/_Ui"},
	{"flags":0,"id":"218487ec8f5748bebfcf4b19cd89d3c8","signature":"Hgroup"},
	{"flags":0,"id":"c2bdfb97506645cbbe724441677b7264","signature":"Hgroup/_Ui"},
	{"flags":0,"id":"8925a53cbfd04b89939969599900ea11","signature":"HistoryNote"},
	{"flags":0,"id":"387e82b54bfb4d93b00f100cd8f9c72b","signature":"HistoryNote/ThesaurusConcept"},
	{"flags":0,"id":"d1d14ef0ab5d4288be37ef34b5724a65","signature":"HistoryNote/ThesaurusConcept/_Ui"},
	{"flags":0,"id":"10d41e639898450b911ac890ffa49d4f","signature":"HistoryNote/ThesaurusTerm"},
	{"flags":0,"id":"92b1e50b3e91485eb415c221e77316fb","signature":"HistoryNote/ThesaurusTerm/_Ui"},
	{"flags":0,"id":"4c72921554a2448ca84d3fbf3895d464","signature":"HistoryNote/_Ui"},
	{"flags":0,"id":"54a022a6f92142c291e6a322d05f1382","signature":"Hr"},
	{"flags":0,"id":"9eb517f336a24493892edfba1293ea9b","signature":"Hr/_Ui"},
	{"flags":0,"id":"56cdbdbf4c9b4f18a7b83e3b02df6041","signature":"Html"},
	{"flags":0,"id":"5af83e7809f54dc68aa0565972c5296c","signature":"Html/_Ui"},
	{"flags":0,"id":"213af80b86dc435cba639ff04fdcd2fd","signature":"I"},
	{"flags":0,"id":"b847002073334a82b618998cfcf0ee2c","signature":"I/_Ui"},
	{"flags":0,"id":"7bcee614d08144c2bf7062bb00585686","signature":"Iframe"},
	{"flags":0,"id":"10dd6418a9854e50a2f2d31d3cb9cd2b","signature":"Iframe/_Ui"},
	{"flags":0,"id":"820c44930da6473b9f50ef53f0367318","signature":"Image"},
	{"flags":0,"id":"114b4fc4b9a746b9a8a1def335fedc6d","signature":"Image/Folder"},
	{"flags":0,"id":"5f220a109b1f4d9caf1df0c81b181fbb","signature":"Image/Folder/_Ui"},
	{"flags":0,"id":"790ae8fb01a24c659dbfee550b884a93","signature":"Image/Image"},
	{"flags":0,"id":"0047ba4f61ee46a2b66325ddbf5112cf","signature":"Image/Image/_Ui"},
	{"flags":0,"id":"f763db6bf8314183a195c86f091705b3","signature":"Image/User"},
	{"flags":0,"id":"b09ac06e3cf74c79b949307ad9d40a1b","signature":"Image/User/_Ui"},
	{"flags":0,"id":"d09483d4335e446f9dd3ff287d0e2b80","signature":"Image/VideoFile"},
	{"flags":0,"id":"1cdcb28bf64a4361a2513ce0cd3cb1a4","signature":"Image/VideoFile/_Ui"},
	{"flags":0,"id":"2207275610384654873c3253d11aa030","signature":"Image/Widget"},
	{"flags":0,"id":"bbd532ba182549f6af7f67775c991cda","signature":"Image/Widget/_Ui"},
	{"flags":0,"id":"3138c031dfa445f3b3f826646980e116","signature":"Image/_Ui"},
	{"flags":0,"id":"790033aadd964545b35ab3177119e19d","signature":"Img"},
	{"flags":0,"id":"c9fd4634084d4fb29643fd89deeac4da","signature":"Img/_Ui"},
	{"flags":0,"id":"3d641e6472fd4cc889d41ea77bf51793","signature":"Indexable"},
	{"flags":0,"id":"a641e0792959493c80b5e22bd5497b9c","signature":"Indexable/IndexedWord"},
	{"flags":0,"id":"38ef0bce9bd64b4780a5a2a69165526b","signature":"Indexable/IndexedWord/_Ui"},
	{"flags":0,"id":"9f92ce781f65426a99d7302e5e26d556","signature":"Indexable/_Ui"},
	{"flags":0,"id":"9299a3bc25914b45b30f4658dd105043","signature":"IndexedWord"},
	{"flags":0,"id":"b8239d16f6754feb98eeb56eace8d6f1","signature":"IndexedWord/Indexable"},
	{"flags":0,"id":"393e3248a37d46c9add120e52a56bee8","signature":"IndexedWord/Indexable/_Ui"},
	{"flags":0,"id":"9f48c5e482ec40f8a47ccb42f859605f","signature":"IndexedWord/_Ui"},
	{"flags":0,"id":"7442758dcc74459cbff1c12dee5f658d","signature":"Input"},
	{"flags":0,"id":"bb091c04e8e1466f8548004c25ff3ff1","signature":"Input/_Ui"},
	{"flags":0,"id":"7a37762fb0dd4c84811dc3f37659f6e8","signature":"Ins"},
	{"flags":0,"id":"9767bb522956461fa4a6ca0677bcbc44","signature":"Ins/_Ui"},
	{"flags":0,"id":"8d370c5612e54c6383278b962bd36a97","signature":"JavaScriptSource"},
	{"flags":0,"id":"0cd6233947ce4893a091cfb829af0aaa","signature":"JavaScriptSource/_Ui"},
	{"flags":0,"id":"ef313ca0c7984f89acf1c7770955e892","signature":"KafkaClient"},
	{"flags":0,"id":"9152ab9bfb5e4d9a93a51a26462b2dde","signature":"KafkaClient/_Ui"},
	{"flags":0,"id":"07f2d861e1a6410a99afeb8ade7c5cce","signature":"Kbd"},
	{"flags":0,"id":"a219e969af32495e9653772b43e3d164","signature":"Kbd/_Ui"},
	{"flags":0,"id":"8ca365df470d4960b0adf9bbb90ba65a","signature":"Keygen"},
	{"flags":0,"id":"fc7e4add29e84d88b3dd7591403f7799","signature":"Keygen/_Ui"},
	{"flags":0,"id":"0a5e546f274c4a3091c48c3d260145a7","signature":"LDAPGroup"},
	{"flags":0,"id":"55012a75367448ab8b03a40931802260","signature":"LDAPGroup/_Ui"},
	{"flags":0,"id":"7e1b13159e264a2ea614e168c0a24c58","signature":"LDAPUser"},
	{"flags":0,"id":"438f55f8a19c442f86127420463610e8","signature":"LDAPUser/_Ui"},
	{"flags":0,"id":"2f0c0673f45e48babd2f8e8058131bf2","signature":"Label"},
	{"flags":0,"id":"e9620d9b42b0434281ca442a35d5d835","signature":"Label/_Ui"},
	{"flags":0,"id":"e3f6d2a149bd4b919648527b41b04638","signature":"Legend"},
	{"flags":0,"id":"7bfb16cf31db44d5a936734c79802656","signature":"Legend/_Ui"},
	{"flags":0,"id":"5c706c500ae3481fa64be5a151b13c98","signature":"Li"},
	{"flags":0,"id":"ed37d274cdf74cd581584f3e253f3815","signature":"Li/_Ui"},
	{"flags":0,"id":"5d8028220bbc48efa7167a9ce074d046","signature":"Link"},
	{"flags":0,"id":"979a2d27dfa74406b838c4f6f9af5c18","signature":"Link/_Ui"},
	{"flags":0,"id":"1385b54e49d74eab932d2710b756e95b","signature":"LinkSource"},
	{"flags":0,"id":"631842db4701424e9555e291a2d612a5","signature":"LinkSource/Linkable"},
	{"flags":0,"id":"0ba30b76a59445099368a4b4b536e9b2","signature":"LinkSource/Linkable/_Ui"},
	{"flags":0,"id":"232cd861a4b348ca8f6f0aadf6500e4c","signature":"LinkSource/_Ui"},
	{"flags":0,"id":"1512f658568b4afa99176c8444cc305e","signature":"Linkable"},
	{"flags":0,"id":"d4fdbc4af2a946aea2bbcb1ae71af850","signature":"Linkable/LinkSource"},
	{"flags":0,"id":"c9f34ebde4d340a9bdb829628b3b6130","signature":"Linkable/LinkSource/_Ui"},
	{"flags":0,"id":"fa06bdb2996d438d9eb4eb1055567d12","signature":"Linkable/_Ui"},
	{"flags":0,"id":"7f7ded3269c1475f861ed3672f8fde9e","signature":"Localization"},
	{"flags":0,"id":"5eec8bf3bb5d4d1795c17b193fa81c24","signature":"Localization/_Ui"},
	{"flags":0,"id":"3918f7112e3a485badfb22b50bde66e4","signature":"Location"},
	{"flags":0,"id":"4d58df920a8b44f88011f9c2c212259e","signature":"Location/_Ui"},
	{"flags":0,"id":"19ce00b7213f4779a8e72b66497e4bd3","signature":"MQTTClient"},
	{"flags":0,"id":"b3d7ea8554804970904415d0d1075365","signature":"MQTTClient/_Ui"},
	{"flags":0,"id":"e1b4a8aa2c214e2cabab00f18d063db8","signature":"MailTemplate"},
	{"flags":0,"id":"83eed4092b644797adf4783d83fdf8fb","signature":"MailTemplate/_Ui"},
	{"flags":0,"id":"2361b78bb7814d2fa9df3df2ec072e01","signature":"Mailbox"},
	{"flags":0,"id":"999b5f38e1e94102b136660f255f4fc8","signature":"Mailbox/EMailMessage"},
	{"flags":0,"id":"15f5d5d98dea4cab86963e89fe9c353a","signature":"Mailbox/EMailMessage/_Ui"},
	{"flags":0,"id":"b0084a5791db4a08a8009e8bda31b213","signature":"Mailbox/_Ui"},
	{"flags":0,"id":"f2a34d5ac3734958b8cd38d82c1fae25","signature":"Main"},
	{"flags":0,"id":"ef8a40b325b24693bcd784210b85fe72","signature":"Main/_Ui"},
	{"flags":0,"id":"ff83b4788d304360b6c132a50624e6b9","signature":"Map"},
	{"flags":0,"id":"db59d82ac8a94bce8e8e655d8ffaf656","signature":"Map/_Ui"},
	{"flags":0,"id":"895dd7ab077e491abca054a8b820b45e","signature":"Mark"},
	{"flags":0,"id":"707f2ab28726489a8faaa1ad710e3e4e","signature":"Mark/_Ui"},
	{"flags":2,"id":"5b096063cdf24826a43696ecd0f1b88d","signature":"Member"},
	{"flags":0,"id":"30b61fa159cf42558c8dad6eb686861e","signature":"Member/Event"},
	{"flags":0,"id":"19d8a12f09934ac48e7fdd1b66409fb4","signature":"Member/Event/_Ui"},
	{"flags":0,"id":"801d0060d94f4f0486da04c7155913cd","signature":"Member/Group"},
	{"flags":0,"id":"0605942448594466b25452ba2b778ce3","signature":"Member/Group/_Ui"},
	{"flags":0,"id":"851b8447957e47338f63c897a10a5d73","signature":"Member/_Ui"},
	{"flags":0,"id":"99ec0be77a554abb931e8c813f809473","signature":"Menu"},
	{"flags":0,"id":"7bf12bc1b6c34894bc95acb429c4e049","signature":"Menu/_Ui"},
	{"flags":0,"id":"0e722a935b5f4fcb9c0bb81855075483","signature":"Message"},
	{"flags":0,"id":"3f4070a07d5249f1b2d6d804750d8dc0","signature":"Message/Event"},
	{"flags":0,"id":"e9af07ca5e5f47bcaf0ef75b07e580da","signature":"Message/Event/_Ui"},
	{"flags":0,"id":"f88a044403a443b09a574b66e0b0f563","signature":"Message/_Ui"},
	{"flags":0,"id":"9d2b6be6144748d194617e1af2720c13","signature":"MessageClient"},
	{"flags":0,"id":"1f412879042d4096adeeb95a2bcae499","signature":"MessageClient/MessageSubscriber"},
	{"flags":0,"id":"819b8e4ce04c4c64b8a1b15f7b28c123","signature":"MessageClient/MessageSubscriber/_Ui"},
	{"flags":0,"id":"2b8484ab34574910b529e1520a4f5965","signature":"MessageClient/_Ui"},
	{"flags":0,"id":"da3a56b5ed37463c9e89446d4a1bb6e8","signature":"MessageSubscriber"},
	{"flags":0,"id":"3d952a70b32540e1bdce027db1d33890","signature":"MessageSubscriber/MessageClient"},
	{"flags":0,"id":"fe459fe514d545709fc244ff125d87f0","signature":"MessageSubscriber/MessageClient/_Ui"},
	{"flags":0,"id":"eddda09abd0d447a9b960f4ba1a0d785","signature":"MessageSubscriber/_Ui"},
	{"flags":0,"id":"d95ccbb920dd43879ae82f6c5c4978e2","signature":"Meta"},
	{"flags":0,"id":"e243420d8070413ab0b24116168c9918","signature":"Meta/_Ui"},
	{"flags":0,"id":"f2acf88c5d374178aaa05e704b3829f3","signature":"MetadataNode"},
	{"flags":0,"id":"0f1befa4b3d24e74b05064748c139eb2","signature":"MetadataNode/StructuredDocument"},
	{"flags":0,"id":"f7f29feba7b042d5a8fca7e2068b181f","signature":"MetadataNode/StructuredDocument/_Ui"},
	{"flags":0,"id":"349ca025c43447f48820637586470b22","signature":"MetadataNode/_Ui"},
	{"flags":0,"id":"d2dd97a8bcfd4b3ab92cd9749b5f4e89","signature":"Meter"},
	{"flags":0,"id":"fbeb7f923c914ba49dab931bcf5bd294","signature":"Meter/_Ui"},
	{"flags":0,"id":"f6521bf409164d9fa5ab0f5eb834874e","signature":"MinifiedCssFile"},
	{"flags":0,"id":"b2457e0a08bb4189b180d4ffe3fccebb","signature":"MinifiedCssFile/_Ui"},
	{"flags":0,"id":"3007479738444d2cab00231e0e34ed66","signature":"MinifiedJavaScriptFile"},
	{"flags":0,"id":"7e58aa330f874b6489e118fdd1f815e3","signature":"MinifiedJavaScriptFile/_Ui"},
	{"flags":0,"id":"1e11406da6ab4d449b5523223ff47a7a","signature":"Nav"},
	{"flags":0,"id":"e1b46a8a57634e9caaeb8fe4b8b31cdd","signature":"Nav/_Ui"},
	{"flags":0,"id":"39b3b3820bd84f9eb00d1a7f618ed8c9","signature":"NodeLabel"},
	{"flags":0,"id":"90417425414e458ba60157fdfbc8dd5b","signature":"NodeLabel/ThesaurusArray"},
	{"flags":0,"id":"44244dd3c34e418aa86d4ba9cbbc4a03","signature":"NodeLabel/ThesaurusArray/_Ui"},
	{"flags":0,"id":"ce861ba62e39417fb907cb50507003a5","signature":"NodeLabel/_Ui"},
	{"flags":0,"id":"cd28e0307ec54341b2608d96aaa12990","signature":"Noscript"},
	{"flags":0,"id":"d6e2f1596c7c4be192ae4fcf56dc9ee7","signature":"Noscript/_Ui"},
	{"flags":0,"id":"886298ed622d4b729c3617064cd5c0be","signature":"Note"},
	{"flags":0,"id":"dd2804db416b417caff134aaf01eabb1","signature":"Note/ThesaurusConcept"},
	{"flags":0,"id":"5fa69a1d766c45a0b75f0cb9cdec56f0","signature":"Note/ThesaurusConcept/_Ui"},
	{"flags":0,"id":"ee57502d41664b2192b62ff6d05ae3b5","signature":"Note/_Ui"},
	{"flags":0,"id":"b489768d36a34ff58ef9e71b982979fa","signature":"ODFExporter"},
	{"flags":0,"id":"b4e59703088748f69fd710ecece4bf61","signature":"ODFExporter/File"},
	{"flags":0,"id":"ac73567f0b7a462ba66170e56272e4ab","signature":"ODFExporter/File/_Ui"},
	{"flags":0,"id":"3be7cc4e78594bee8a7467d58a7c2dec","signature":"ODFExporter/VirtualType"},
	{"flags":0,"id":"7bd25d9b5c934966be35187a6db26b08","signature":"ODFExporter/VirtualType/_Ui"},
	{"flags":0,"id":"716c64cb65844a8e846c8c8e6c7e7bb2","signature":"ODFExporter/_Ui"},
	{"flags":0,"id":"7d4af56a0d3a4eb5a600572920d86b25","signature":"ODSExporter"},
	{"flags":0,"id":"d07ef1ae883342e7ada342e479276b87","signature":"ODSExporter/_Ui"},
	{"flags":0,"id":"5f8290ab5ddc46528c79b63763de0690","signature":"ODTExporter"},
	{"flags":0,"id":"b4db58fd217f4ce58f96ac609248ca67","signature":"ODTExporter/_Ui"},
	{"flags":0,"id":"91171a5e716140c986982e2a71e68689","signature":"Object"},
	{"flags":0,"id":"50e683bbd2094a339aa39a2c61920239","signature":"Object/_Ui"},
	{"flags":0,"id":"963577da5a2144df865871a264421490","signature":"Ol"},
	{"flags":0,"id":"3cff68e9e9154736ac58196ae8ed3196","signature":"Ol/_Ui"},
	{"flags":0,"id":"139f04da1aac452398d3b273291ee283","signature":"Optgroup"},
	{"flags":0,"id":"313ec55f053042a6a51bf5e1c539e2d0","signature":"Optgroup/_Ui"},
	{"flags":0,"id":"0d1f356fb21e444c92ca086af3d5ee6f","signature":"Option"},
	{"flags":0,"id":"6fc56f83ebc1488badcbed173eee6218","signature":"Option/_Ui"},
	{"flags":0,"id":"7662d6d7b7e44f1484d2f8f36c2429a1","signature":"Output"},
	{"flags":0,"id":"c63896e59900488f98baaf7587bc1747","signature":"Output/_Ui"},
	{"flags":0,"id":"c193a325ce804c1a85d5643f5f46bf79","signature":"P"},
	{"flags":0,"id":"e8675694bdcb489a8c355adc63678626","signature":"P/_Ui"},
	{"flags":0,"id":"5827ecb0fbac4cddbbd662833bb74ea1","signature":"Page"},
	{"flags":0,"id":"8c465677ec1f493fb3959db9a3c755a9","signature":"Page/DOMNode"},
	{"flags":0,"id":"0ebd16ae7d724e9da62eb86a95fbb754","signature":"Page/DOMNode/_Ui"},
	{"flags":0,"id":"d04f028d994840338ad968b23bcced6f","signature":"Page/Site"},
	{"flags":0,"id":"fda776940f264c0c894ecf7a4e8e2f18","signature":"Page/Site/_Ui"},
	{"flags":0,"id":"e4dd354c90ec4aa98cebcaab9d297d0b","signature":"Page/_Ui"},
	{"flags":0,"id":"e7dc0b82df574f3da9da21d864ba7ecb","signature":"Param"},
	{"flags":0,"id":"d8246b2e3d5049fd996b1be1f2701647","signature":"Param/_Ui"},
	{"flags":0,"id":"07579aa3f5104e558778c4ef5101c1fe","signature":"PaymentItemNode"},
	{"flags":0,"id":"28f9d3c0381a48679023754d398757f6","signature":"PaymentItemNode/PaymentNode"},
	{"flags":0,"id":"e7e92b1f67bf44abb0f8d2901b7a09fe","signature":"PaymentItemNode/PaymentNode/_Ui"},
	{"flags":0,"id":"ccaeeacefc9140eea7448a434965c4d4","signature":"PaymentItemNode/_Ui"},
	{"flags":0,"id":"7abcf48d55474834997324aed5595c69","signature":"PaymentNode"},
	{"flags":0,"id":"94e89ecb471744a4b1186453c3649cfb","signature":"PaymentNode/PaymentItemNode"},
	{"flags":0,"id":"1cba6dfd247d4a53bf279bde63a3434a","signature":"PaymentNode/PaymentItemNode/_Ui"},
	{"flags":0,"id":"0e9438a58b334a34b676af168e4ed583","signature":"PaymentNode/_Ui"},
	{"flags":0,"id":"4d06d138c0944e23a6da8a1f9a800b1d","signature":"Person"},
	{"flags":0,"id":"fb1c10e3f1f345b98fa9f3be417b6347","signature":"Person/_Ui"},
	{"flags":0,"id":"16f3770af695463ca9dd3315eb24db1f","signature":"Pre"},
	{"flags":0,"id":"422df01b60a04c35bc2e8a05d9ff67d7","signature":"Pre/_Ui"},
	{"flags":0,"id":"90848e521e0648a7a7ed34532b5c4e59","signature":"PreferredTerm"},
	{"flags":0,"id":"4ddf42377fc44ac38ddcc2962b04481a","signature":"PreferredTerm/SimpleNonPreferredTerm"},
	{"flags":0,"id":"cafce272740f4d028f970a6e39cda108","signature":"PreferredTerm/SimpleNonPreferredTerm/_Ui"},
	{"flags":0,"id":"4d6681561db940a1bf131b503c1495d7","signature":"PreferredTerm/SplitNonPreferredTerm"},
	{"flags":0,"id":"710541938ebd4b3d9fe7f5ce63c5229f","signature":"PreferredTerm/SplitNonPreferredTerm/_Ui"},
	{"flags":0,"id":"b382177f6af0440a9bd405b4c8d25916","signature":"PreferredTerm/ThesaurusConcept"},
	{"flags":0,"id":"288eb2207cc44955869300e865cdd01e","signature":"PreferredTerm/ThesaurusConcept/_Ui"},
	{"flags":0,"id":"c9097e70020f42ba87f9be4327196450","signature":"PreferredTerm/_Ui"},
	{"flags":0,"id":"ce837f9e0b974beda2a30192a59d6422","signature":"Principal"},
	{"flags":0,"id":"bcd79162af154490859a5d1a5618c4e9","signature":"Principal/Favoritable"},
	{"flags":0,"id":"f138bd601a8c47f6bdc8350cb71a35f8","signature":"Principal/Favoritable/_Ui"},
	{"flags":0,"id":"6305c0a605db4b928101a751b5c6defe","signature":"Principal/Group"},
	{"flags":0,"id":"61d5cdfea7a34e8e98e149af5ad7054d","signature":"Principal/Group/_Ui"},
	{"flags":0,"id":"ddadaf82e76e4645864a86df9ac80f27","signature":"Principal/_Ui"},
	{"flags":0,"id":"a90fe39ed734457ab617b61b87b4f7af","signature":"Progress"},
	{"flags":0,"id":"bb666a619dac4b1cb916a591541a12d8","signature":"Progress/_Ui"},
	{"flags":0,"id":"35a86eb64c3e49969c60994b2640bbe3","signature":"Q"},
	{"flags":0,"id":"336aa81ca28c4eeb8d723026702a4cd1","signature":"Q/_Ui"},
	{"flags":0,"id":"8c9866270a1e475da9606141f2a44fa6","signature":"RemoteDocument"},
	{"flags":0,"id":"93d32e2fd0844c3d8da9a685d5e449d0","signature":"RemoteDocument/_Ui"},
	{"flags":0,"id":"fa9829efd8dd4be2bff8402bf81704f7","signature":"Rp"},
	{"flags":0,"id":"0fc34304935a4a7ab17839b4c48f3338","signature":"Rp/_Ui"},
	{"flags":0,"id":"7bb643478068459b816ab91bc5585364","signature":"Rt"},
	{"flags":0,"id":"bc36999ca95144cc8b375ea9683bef51","signature":"Rt/_Ui"},
	{"flags":0,"id":"34b22dea9d9f47ad80f77a8886b7a83f","signature":"Ruby"},
	{"flags":0,"id":"132c8a62a4344c4baf0d0a73583f605a","signature":"Ruby/_Ui"},
	{"flags":0,"id":"c52d9859b04a477c8f980df524415851","signature":"S"},
	{"flags":0,"id":"d4a11e1700d04711a8b73730d3c0c13a","signature":"S/_Ui"},
	{"flags":0,"id":"a722d7054d9e4300a328e04ba43d4d5f","signature":"Samp"},
	{"flags":0,"id":"37300bc737f54be38eab3bba85c65607","signature":"Samp/_Ui"},
	{"flags":0,"id":"7efb0d8215a048048481742013aaa121","signature":"ScopeNote"},
	{"flags":0,"id":"80d748340a634c12ba8401533a0f9006","signature":"ScopeNote/ThesaurusConcept"},
	{"flags":0,"id":"636d6d2aea8c4344bcd227041c91a7c0","signature":"ScopeNote/ThesaurusConcept/_Ui"},
	{"flags":0,"id":"1f5821c736fc49ad93b34e29d8651aa2","signature":"ScopeNote/_Ui"},
	{"flags":0,"id":"5c597bb387734229b3cf3337462d9dbb","signature":"Script"},
	{"flags":0,"id":"c118ca8600ac44e68fe8cc29442d4dbf","signature":"Script/_Ui"},
	{"flags":0,"id":"6c93623df0d64d6595c2992a5e109939","signature":"Section"},
	{"flags":0,"id":"b5cbf62284734216b5af4c3b6680408b","signature":"Section/_Ui"},
	{"flags":0,"id":"f42ea07b85ae4d2fa19da3786a22e79b","signature":"Select"},
	{"flags":0,"id":"cfbf73bc02fa444b80f80fe482d356ad","signature":"Select/_Ui"},
	{"flags":0,"id":"47e02403cf144e5c978f9589b95391b6","signature":"ShadowDocument"},
	{"flags":0,"id":"158dc967f30b4c6ca23d7ea623c1547a","signature":"ShadowDocument/_Ui"},
	{"flags":0,"id":"8f8ce3edf4f944588bffb5381fb7505f","signature":"SimpleNonPreferredTerm"},
	{"flags":0,"id":"dc99d2df35174c34b00726c6e2e11cd2","signature":"SimpleNonPreferredTerm/PreferredTerm"},
	{"flags":0,"id":"753313ab2d0c46eeb9461c1fec32f81e","signature":"SimpleNonPreferredTerm/PreferredTerm/_Ui"},
	{"flags":0,"id":"f9e6a51c8910487d8c7329bc221d78e8","signature":"SimpleNonPreferredTerm/ThesaurusConcept"},
	{"flags":0,"id":"401c675a14744061a76802ab2315539e","signature":"SimpleNonPreferredTerm/ThesaurusConcept/_Ui"},
	{"flags":0,"id":"82ec245c704442b1ad293abd6e0d6346","signature":"SimpleNonPreferredTerm/_Ui"},
	{"flags":0,"id":"9ff800be958a4d3085da87b46eaa721c","signature":"Site"},
	{"flags":0,"id":"e2dcb4fba60646ed84e02a59522eb756","signature":"Site/Page"},
	{"flags":0,"id":"054a6d38efd840c9aa63699f330c1fd9","signature":"Site/Page/_Ui"},
	{"flags":0,"id":"59aab41d0a6a411eb90e8ec49c286e7e","signature":"Site/_Ui"},
	{"flags":0,"id":"59976cab5e2a4784a03f4ff36fcfd36d","signature":"Small"},
	{"flags":0,"id":"3de4f1aff61d40778c1da9ee9081020e","signature":"Small/_Ui"},
	{"flags":0,"id":"8117dcee39d545fe95f194f11ea66b2d","signature":"Source"},
	{"flags":0,"id":"e3017c5b2a4d41b6bc87b3ae34f766c1","signature":"Source/_Ui"},
	{"flags":0,"id":"449a1fdd84274f14a2bd7fd4a38a5548","signature":"Span"},
	{"flags":0,"id":"1ea45dc0067349a0900ee9694707ef0c","signature":"Span/_Ui"},
	{"flags":0,"id":"24a6f577bf6245419516f778c23f7bf7","signature":"SplitNonPreferredTerm"},
	{"flags":0,"id":"aa1432ee9bb04e008d106e81939217f8","signature":"SplitNonPreferredTerm/PreferredTerm"},
	{"flags":0,"id":"2f0a3f34b4454c0496c5436477e58fc7","signature":"SplitNonPreferredTerm/PreferredTerm/_Ui"},
	{"flags":0,"id":"f076a47a56574830a98a0e13f25d2373","signature":"SplitNonPreferredTerm/_Ui"},
	{"flags":0,"id":"4655c6fb9f5748358b29fdd11984de67","signature":"Strong"},
	{"flags":0,"id":"a011ba3e60c94a6a8317fb68b1fbecc1","signature":"Strong/_Ui"},
	{"flags":0,"id":"7d9e746cf7394037ad64f5e9749ebe1b","signature":"StructuredDocument"},
	{"flags":0,"id":"132356ca29654d2e9e1fc8ac5ba5ec92","signature":"StructuredDocument/MetadataNode"},
	{"flags":0,"id":"511ac4c87df44bffa330e748bc4ee0e6","signature":"StructuredDocument/MetadataNode/_Ui"},
	{"flags":0,"id":"bf265cc75cf04286b593b0687e47c956","signature":"StructuredDocument/_Ui"},
	{"flags":0,"id":"d73d4154e78c45ee9b9ca8d2660b6a36","signature":"StructuredTextNode"},
	{"flags":0,"id":"14e9172392444c5e8e9da19d92522d1b","signature":"StructuredTextNode/StructuredTextNode"},
	{"flags":0,"id":"8fcc78a62b604067a721ead7c1d1fa2b","signature":"StructuredTextNode/StructuredTextNode/_Ui"},
	{"flags":0,"id":"081d2161db59456889b1a0b7b9b8c679","signature":"StructuredTextNode/_Ui"},
	{"flags":0,"id":"c7b1e68e035840f0b1126ded879d1955","signature":"Style"},
	{"flags":0,"id":"6f3ad331396f4715a1f2975e49aa70a5","signature":"Style/_Ui"},
	{"flags":0,"id":"186939fee219463189ba2ce73c7e412b","signature":"Sub"},
	{"flags":0,"id":"4218c755ff7e4ae1a1cbf610d9177e59","signature":"Sub/_Ui"},
	{"flags":0,"id":"c065bbd5e9064c2994e847167f0125c2","signature":"Summary"},
	{"flags":0,"id":"201f0a4f43404587b7615a9be9ff0809","signature":"Summary/_Ui"},
	{"flags":0,"id":"399585d991f3449d88f9b59b9fce61ab","signature":"Sup"},
	{"flags":0,"id":"901486b8eade44b4a5186e97658af6e0","signature":"Sup/_Ui"},
	{"flags":0,"id":"674bcdedbf6a480787fa23b520bea250","signature":"Table"},
	{"flags":0,"id":"34f9e82a0bbd40989b5613eaba749d26","signature":"Table/_Ui"},
	{"flags":0,"id":"cedf446089d8451b8258e8ebc1aea710","signature":"Tbody"},
	{"flags":0,"id":"21c855595f9f4ea399b377fcee45e547","signature":"Tbody/_Ui"},
	{"flags":0,"id":"fb3f5d38d11b4e73bb081f5322e946e2","signature":"Td"},
	{"flags":0,"id":"97dca7a8885744c7ab3fd409e5f0d199","signature":"Td/_Ui"},
	{"flags":0,"id":"d36b11774d434076bf72a159718e4812","signature":"Template"},
	{"flags":0,"id":"373146b36e504f2e92c52b897071d18f","signature":"Template/_Ui"},
	{"flags":0,"id":"767035435f7b46228c8188d0a2939eac","signature":"Textarea"},
	{"flags":0,"id":"2096a197bbc44041aacfd3e98fc39d48","signature":"Textarea/_Ui"},
	{"flags":0,"id":"cd9c7af7823e4908ad586196bae074cd","signature":"Tfoot"},
	{"flags":0,"id":"0743f3e830934a1c9a477034814effd7","signature":"Tfoot/_Ui"},
	{"flags":0,"id":"b2912000e2724e4cb4af2b6013da23c9","signature":"Th"},
	{"flags":0,"id":"1e11d691f8a54aa1be865bd93dbc07fe","signature":"Th/_Ui"},
	{"flags":0,"id":"b8782e02d82c479e9d739add13ce8516","signature":"Thead"},
	{"flags":0,"id":"7974db588cea405688bfc8283b997370","signature":"Thead/_Ui"},
	{"flags":0,"id":"8d5d5f6b0837494d87731e32fe078f8a","signature":"Thesaurus"},
	{"flags":0,"id":"d01cc53d60cc432da0fe9260e649f336","signature":"Thesaurus/ConceptGroup"},
	{"flags":0,"id":"cb14e87806b64e84b9190dea48ae27e8","signature":"Thesaurus/ConceptGroup/_Ui"},
	{"flags":0,"id":"62323e2c61264eabaeaab21f4176f143","signature":"Thesaurus/ThesaurusArray"},
	{"flags":0,"id":"59d3dfa701ae4e8e91060c1ff2c64f58","signature":"Thesaurus/ThesaurusArray/_Ui"},
	{"flags":0,"id":"cd097afd3a9e4995aac95d81e854787a","signature":"Thesaurus/ThesaurusConcept"},
	{"flags":0,"id":"37f17aa665964cf18cbc286b9a1a0c27","signature":"Thesaurus/ThesaurusConcept/_Ui"},
	{"flags":0,"id":"65472ecb721a4953a2f0c6245aa54d85","signature":"Thesaurus/VersionHistory"},
	{"flags":0,"id":"4d699f258dab44289a6206d5b5840290","signature":"Thesaurus/VersionHistory/_Ui"},
	{"flags":0,"id":"f7aab2eb156144a18342c55fb990e181","signature":"Thesaurus/_Ui"},
	{"flags":0,"id":"c38bbdf92c4149a3a1065a6724a51362","signature":"ThesaurusArray"},
	{"flags":0,"id":"9f2d2898c8414e7db6a095583077406e","signature":"ThesaurusArray/NodeLabel"},
	{"flags":0,"id":"8f96d0815ad94f55a4afa7e130af1eb2","signature":"ThesaurusArray/NodeLabel/_Ui"},
	{"flags":0,"id":"22f7b8e8bf564b4cba27802d77c8c7d6","signature":"ThesaurusArray/Thesaurus"},
	{"flags":0,"id":"cc047959ff804af09eb75b3662b89581","signature":"ThesaurusArray/Thesaurus/_Ui"},
	{"flags":0,"id":"c2f47e45b6f64272bc68fc7ca3c44381","signature":"ThesaurusArray/ThesaurusArray"},
	{"flags":0,"id":"d6793aa2d80f4d7e91371e066bd0b947","signature":"ThesaurusArray/ThesaurusArray/_Ui"},
	{"flags":0,"id":"c27d0c30d0e14912aab595c790d4175c","signature":"ThesaurusArray/ThesaurusConcept"},
	{"flags":0,"id":"30168f20177e437594c9f73b1c6051da","signature":"ThesaurusArray/ThesaurusConcept/_Ui"},
	{"flags":0,"id":"07164e919f0d4fd9bf8b7ba093fc10aa","signature":"ThesaurusArray/_Ui"},
	{"flags":0,"id":"9b9862015b2c4520a80751738ba9c7a0","signature":"ThesaurusConcept"},
	{"flags":0,"id":"4cca7d8b4e534bd19430eb3a78d29330","signature":"ThesaurusConcept/ConceptGroup"},
	{"flags":0,"id":"1118dae53e8a42578102e0a53344e04a","signature":"ThesaurusConcept/ConceptGroup/_Ui"},
	{"flags":0,"id":"9633a96a6b114d74bfff0c067c899809","signature":"ThesaurusConcept/CustomConceptAttribute"},
	{"flags":0,"id":"2222e52d164a423ba0bc03ba90a8fb76","signature":"ThesaurusConcept/CustomConceptAttribute/_Ui"},
	{"flags":0,"id":"c2124b23d995412aa793841ecbe437aa","signature":"ThesaurusConcept/CustomNote"},
	{"flags":0,"id":"f5362d146ffd433bb4a47a821787c6e1","signature":"ThesaurusConcept/CustomNote/_Ui"},
	{"flags":0,"id":"6e8b169f07034e558a87053853312202","signature":"ThesaurusConcept/HistoryNote"},
	{"flags":0,"id":"612f452f506a42b1b4ac18ba0472fe91","signature":"ThesaurusConcept/HistoryNote/_Ui"},
	{"flags":0,"id":"fae7a2f994424ed0b77b8112bad7035f","signature":"ThesaurusConcept/Note"},
	{"flags":0,"id":"b59867951c3b419c87ef807389bb6035","signature":"ThesaurusConcept/Note/_Ui"},
	{"flags":0,"id":"fc805eb847d149a2bd23b01ec95c9410","signature":"ThesaurusConcept/PreferredTerm"},
	{"flags":0,"id":"b7cfdbe4e0a845948ecf2bdb03542212","signature":"ThesaurusConcept/PreferredTerm/_Ui"},
	{"flags":0,"id":"282a8ab93a6246b08ba220a87727d77a","signature":"ThesaurusConcept/ScopeNote"},
	{"flags":0,"id":"e874fa53a46b4d328f8339873ff2362d","signature":"ThesaurusConcept/ScopeNote/_Ui"},
	{"flags":0,"id":"8528d53797144aafa3107a950b14968b","signature":"ThesaurusConcept/SimpleNonPreferredTerm"},
	{"flags":0,"id":"eb5f63ab23264989bd8a4490db07d822","signature":"ThesaurusConcept/SimpleNonPreferredTerm/_Ui"},
	{"flags":0,"id":"924e6f16a9be4d38910fb2bfb1c68bc2","signature":"ThesaurusConcept/Thesaurus"},
	{"flags":0,"id":"b41e2c6bd4ea4d14af3a21e46fb91c37","signature":"ThesaurusConcept/Thesaurus/_Ui"},
	{"flags":0,"id":"cffa43948d3b460a91b62e2edbc2aa05","signature":"ThesaurusConcept/ThesaurusArray"},
	{"flags":0,"id":"3b06cb934c3b42a090d101c85341d902","signature":"ThesaurusConcept/ThesaurusArray/_Ui"},
	{"flags":0,"id":"1bd978cd819a4250aa640d7c046e2620","signature":"ThesaurusConcept/ThesaurusConcept"},
	{"flags":0,"id":"08dde0a630ee4369ace18b4444c5997b","signature":"ThesaurusConcept/ThesaurusConcept/_Ui"},
	{"flags":0,"id":"026bbcefa4c7455fab57dd35822c572e","signature":"ThesaurusConcept/_Ui"},
	{"flags":0,"id":"1871c62a59f94c24a884bc1edbd07c7c","signature":"ThesaurusTerm"},
	{"flags":0,"id":"45d6a8758912469eb7ef46ca74f61cb0","signature":"ThesaurusTerm/CustomTermAttribute"},
	{"flags":0,"id":"4c06d5f67bb94732b2debe38cbaf9434","signature":"ThesaurusTerm/CustomTermAttribute/_Ui"},
	{"flags":0,"id":"c7582ed7e3ce4e628d0dd102cb0f1fe4","signature":"ThesaurusTerm/Definition"},
	{"flags":0,"id":"6ea9fe483fd045558b03dfeec53a4077","signature":"ThesaurusTerm/Definition/_Ui"},
	{"flags":0,"id":"a7ace5b3187b4610bc6811e24d797057","signature":"ThesaurusTerm/EditorialNote"},
	{"flags":0,"id":"8ee440f45604478183c6bf41ca0c5cc1","signature":"ThesaurusTerm/EditorialNote/_Ui"},
	{"flags":0,"id":"136ba390e22f4f09af053dfeb3672346","signature":"ThesaurusTerm/HistoryNote"},
	{"flags":0,"id":"30f1ac22b39e4161b1c990df9e715c3f","signature":"ThesaurusTerm/HistoryNote/_Ui"},
	{"flags":0,"id":"3a1cefdf86a147e69a18260ae0a4eeb4","signature":"ThesaurusTerm/_Ui"},
	{"flags":0,"id":"bbbd952d6ba445518ec9b9833381c360","signature":"Time"},
	{"flags":0,"id":"95183761091b454aa49d73df7f2e484d","signature":"Time/_Ui"},
	{"flags":0,"id":"8536981ca01149508329c448f7bab7bd","signature":"Title"},
	{"flags":0,"id":"3444b792008249cfb0ca2c9b48781dcf","signature":"Title/_Ui"},
	{"flags":0,"id":"78b06bc346ee40759103bb72b15bad76","signature":"Tr"},
	{"flags":0,"id":"1b3fc896b79943d3b8978e545d25fd7e","signature":"Tr/_Ui"},
	{"flags":0,"id":"e7a2402a8aa945fb9475a6d403b7e1b2","signature":"Track"},
	{"flags":0,"id":"47e9e013cdf24db480af5b7508208d2b","signature":"Track/_Ui"},
	{"flags":0,"id":"2903034b1edc47229e6a45a634609766","signature":"Trash"},
	{"flags":0,"id":"8ce3f69b31af4a3890987b44dd46e413","signature":"Trash/_Ui"},
	{"flags":0,"id":"a7b940601add4f54b88d18c3ee19aaa0","signature":"U"},
	{"flags":0,"id":"e8ac86d15cdb432ca1902263bc3e35e1","signature":"U/_Ui"},
	{"flags":0,"id":"2c765b8a60194bd6ac842e9b2c6fbc4f","signature":"Ul"},
	{"flags":0,"id":"7fdaada7e17c4634a33794c3322f015c","signature":"Ul/_Ui"},
	{"flags":2,"id":"616b0f29e6554e4c85dd90c5c34b042c","signature":"User"},
	{"flags":0,"id":"0cf471f582b644e392fea4075b93f1ba","signature":"User/Folder"},
	{"flags":0,"id":"0187be701e9e4b54bc9372910294002f","signature":"User/Folder/_Ui"},
	{"flags":0,"id":"9303abbb07a44d25bff8ec1463c64561","signature":"User/Image"},
	{"flags":0,"id":"2c40859e029a49cd97ae6e86aaf6cafc","signature":"User/Image/_Ui"},
	{"flags":0,"id":"f9e9911f2b704ee0beb6b27272a2f1a8","signature":"User/_Ui"},
	{"flags":0,"id":"d2a37f18c40e4b88b13557b7b8e6f91c","signature":"Var"},
	{"flags":0,"id":"32e426c8c8c8457987245c252ddcf5a7","signature":"Var/_Ui"},
	{"flags":0,"id":"d071f07b89694530b486593f6de1a933","signature":"VersionHistory"},
	{"flags":0,"id":"a045c0f532974f47bf221c8c2eb3c6fe","signature":"VersionHistory/Thesaurus"},
	{"flags":0,"id":"51f21cfbc7fa46bfb6eb277b85f6c5b3","signature":"VersionHistory/Thesaurus/_Ui"},
	{"flags":0,"id":"1fc9aa5f89744aff95c1b47567dfd006","signature":"VersionHistory/_Ui"},
	{"flags":0,"id":"3a2009e00f344cffab5da2317fbba0ee","signature":"Video"},
	{"flags":0,"id":"1bc1c38300ef4b3f825b7aad9f857849","signature":"Video/_Ui"},
	{"flags":0,"id":"d3267aacaf084ce987eb461df9333a52","signature":"VideoFile"},
	{"flags":0,"id":"e98a52b9fbfb43308f484d0fb4ab8505","signature":"VideoFile/Image"},
	{"flags":0,"id":"e406b5b6311b4be68cf505a7d90b1436","signature":"VideoFile/Image/_Ui"},
	{"flags":0,"id":"f9308a6c7e084cd294b1b27346f566d4","signature":"VideoFile/VideoFile"},
	{"flags":0,"id":"6536a0746e294acd9324612aeea4ab49","signature":"VideoFile/VideoFile/_Ui"},
	{"flags":0,"id":"93c6a6ab38084b06bf274a612481eb1e","signature":"VideoFile/_Ui"},
	{"flags":0,"id":"7ff4fbc7ef4d4e1abbd64f0c1e5466ce","signature":"VirtualProperty"},
	{"flags":0,"id":"22585dd35e054006a70301716850ac8b","signature":"VirtualProperty/VirtualType"},
	{"flags":0,"id":"1408766cdded4e3e9e3091c194276ae1","signature":"VirtualProperty/VirtualType/_Ui"},
	{"flags":0,"id":"07add4ffb72b49d4b331d1ddfb092538","signature":"VirtualProperty/_Ui"},
	{"flags":0,"id":"5e9fb272c4f84f91b74620455ba3d90b","signature":"VirtualType"},
	{"flags":0,"id":"1751f469ed934e37920dd2459517a602","signature":"VirtualType/ODFExporter"},
	{"flags":0,"id":"3ca0bc317e05418994b9c94f22ac874b","signature":"VirtualType/ODFExporter/_Ui"},
	{"flags":0,"id":"acaf7d903e4a4cd884057fe9392b52e8","signature":"VirtualType/VirtualProperty"},
	{"flags":0,"id":"effe6a9cfa6b4ed1bc8c9ea9e04edcf8","signature":"VirtualType/VirtualProperty/_Ui"},
	{"flags":0,"id":"97df005e04034dca8fdfa73fa74564ce","signature":"VirtualType/_Ui"},
	{"flags":0,"id":"01792d39066849ff93d6db89bf6b2529","signature":"Wbr"},
	{"flags":0,"id":"94548b231c3445db84611bab5abf3625","signature":"Wbr/_Ui"},
	{"flags":0,"id":"84b89f936c7c4f91b9688b86c0bc7f0d","signature":"Widget"},
	{"flags":0,"id":"7dc4efb38317456a87234adedfc45adb","signature":"Widget/Image"},
	{"flags":0,"id":"b7c6fa54b72c476890667ceed105d4e5","signature":"Widget/Image/_Ui"},
	{"flags":0,"id":"cb77c5b5f03d4d9095cd1d95324b1f8c","signature":"Widget/_Ui"},
	{"flags":0,"id":"51bcfc08407a46a495b0efb0f68f01ee","signature":"XMPPClient"},
	{"flags":0,"id":"b6b323c49f3d4c6ba66da240ced7a1c9","signature":"XMPPClient/XMPPRequest"},
	{"flags":0,"id":"915286516d75443b84559ab9aea627a9","signature":"XMPPClient/XMPPRequest/_Ui"},
	{"flags":0,"id":"0b5c4a32f439468a824607d880aa06cd","signature":"XMPPClient/_Ui"},
	{"flags":0,"id":"a57d56a2644c4d5d9e052ddf8e112275","signature":"XMPPRequest"},
	{"flags":0,"id":"27706345ec1a4b07a148da7888e3a2ce","signature":"XMPPRequest/XMPPClient"},
	{"flags":0,"id":"ee02669c9000470b92ebdaaa01df0618","signature":"XMPPRequest/XMPPClient/_Ui"},
	{"flags":0,"id":"3b6b9f71bebb42dc933117cba105e303","signature":"XMPPRequest/_Ui"},
	{"flags":64,"id":"75251d5789f74edeb47c87f00aa221f4","signature":"_login"},
	{"flags":4,"id":"fa9648513fca4e1a9c10131b77733a08","signature":"_logout"},
	{"flags":64,"id":"ca6c291404174e6d936f4cc9114d170d","signature":"_registration"},
	{"flags":0,"id":"32a39fb88302447ba30e8431b8e5bd3a","signature":"_schema/A"},
	{"flags":0,"id":"d0b5eb1d11b443798c25c92631b45fc5","signature":"_schema/Abbr"},
	{"flags":0,"id":"87850525522d435fb5db9656c0ff1c75","signature":"_schema/AbstractFile"},
	{"flags":0,"id":"ad1591e5cf014e7dadee392b18ce473d","signature":"_schema/AbstractFile/AbstractFile"},
	{"flags":0,"id":"fc589dfe7a124e80af04d5c4180eb49a","signature":"_schema/AbstractFile/Folder"},
	{"flags":0,"id":"6a676cdf020e4d618d1487a333e16147","signature":"_schema/AbstractMinifiedFile"},
	{"flags":0,"id":"c20067d416014da0987fc3adbb6ab6e2","signature":"_schema/AbstractMinifiedFile/File"},
	{"flags":0,"id":"7d595a303db745bd98452b692c383740","signature":"_schema/Address"},
	{"flags":0,"id":"c11d009782084e9287e3afa450bafeaf","signature":"_schema/ApplicationConfigurationDataNode"},
	{"flags":0,"id":"09b809ae81cd419b82bd8ae937f0a49b","signature":"_schema/Area"},
	{"flags":0,"id":"afca43f18da642b59cc25b8ea7b0f3f4","signature":"_schema/Article"},
	{"flags":0,"id":"a6a22a1632034c54b28675ccda738a6e","signature":"_schema/Aside"},
	{"flags":0,"id":"3d85a72c4d564738bc0d9be3a719dd33","signature":"_schema/Audio"},
	{"flags":0,"id":"317034c7ebad4800b843060cced93cc1","signature":"_schema/B"},
	{"flags":0,"id":"2a4a4a432fe548e1b53a3f4d51be19c4","signature":"_schema/Base"},
	{"flags":0,"id":"95106611810f454db085b09a48218ff1","signature":"_schema/Bdi"},
	{"flags":0,"id":"bf50c9e70b0f4ead9970df0e6a8e6187","signature":"_schema/Bdo"},
	{"flags":0,"id":"5dd06cd18afe44588ada34f619ae869d","signature":"_schema/Blockquote"},
	{"flags":0,"id":"ad5d6ef409cc49e39dfd8b8602f0ce78","signature":"_schema/Body"},
	{"flags":0,"id":"fe41d3172ffe498da702afa5af50b7ec","signature":"_schema/Br"},
	{"flags":0,"id":"5fbe3d3ff2f4401c82b5f52c174c5beb","signature":"_schema/Button"},
	{"flags":0,"id":"348892b151db4f2a9d6d91a091c90e0c","signature":"_schema/Canvas"},
	{"flags":0,"id":"beda51e8ba2b4f5192e0c0512399e710","signature":"_schema/Caption"},
	{"flags":0,"id":"7e76c3b3e18a454fb2008deb0cbef9d4","signature":"_schema/Category"},
	{"flags":0,"id":"d546936a631a4a938ea44167b92e598c","signature":"_schema/Category/Event"},
	{"flags":0,"id":"1e883c89d4644eb4b9d36e49f40e8ca6","signature":"_schema/Cdata"},
	{"flags":0,"id":"bbf6a8564dde4b72bc78045bb5cfb66c","signature":"_schema/Cite"},
	{"flags":0,"id":"0e7c74fb548b48bdad105151f8b73c34","signature":"_schema/City"},
	{"flags":0,"id":"a4b818616eb74dfda1c58c5ac4492b96","signature":"_schema/City/Country"},
	{"flags":0,"id":"3708ac3ae56c4130bad8f508549bc887","signature":"_schema/City/EventLocation"},
	{"flags":0,"id":"b691494e275f406fb52929a723e7be62","signature":"_schema/Code"},
	{"flags":0,"id":"704fb0e143504fd5a00fc06d20d17bef","signature":"_schema/Col"},
	{"flags":0,"id":"e4c2e4d0655e40bbb75b1a275898722c","signature":"_schema/Colgroup"},
	{"flags":0,"id":"4ac7202b0668452c8486353f242fea1f","signature":"_schema/Command"},
	{"flags":0,"id":"71042dc395e34b3297bbe0854f528da1","signature":"_schema/Comment"},
	{"flags":0,"id":"c89a0092dc244003b964d12ca491b6cf","signature":"_schema/Component"},
	{"flags":0,"id":"856160e7f1f94cd38758de67496fd49d","signature":"_schema/ConceptGroup"},
	{"flags":0,"id":"4d11a82142cf41d9be73f4f649220539","signature":"_schema/ConceptGroup/ConceptGroup"},
	{"flags":0,"id":"af1078166e0c420ca40cdb0f9cb43db9","signature":"_schema/ConceptGroup/ConceptGroupLabel"},
	{"flags":0,"id":"ad8cfe1380d2418ba86f5862f6cd25b7","signature":"_schema/ConceptGroup/Thesaurus"},
	{"flags":0,"id":"ffe20031c0ab407a9cc544eee32ce281","signature":"_schema/ConceptGroup/ThesaurusConcept"},
	{"flags":0,"id":"0db32e5276f2465a95c3ffbd8156afeb","signature":"_schema/ConceptGroupLabel"},
	{"flags":0,"id":"745d56a687dc4bb7b96a330199cc9c6d","signature":"_schema/ConceptGroupLabel/ConceptGroup"},
	{"flags":0,"id":"bd4c080a3e0d45e5b604ec62484f4de4","signature":"_schema/Content"},
	{"flags":0,"id":"9107040af0764304b787a6d3da26c311","signature":"_schema/ContentContainer"},
	{"flags":0,"id":"6479e1ebd591427c992ea36cdfe2c3ec","signature":"_schema/ContentContainer/ContentContainer"},
	{"flags":0,"id":"60f8d040e55241a591dcdba5a20c08fb","signature":"_schema/ContentContainer/ContentItem"},
	{"flags":0,"id":"70caa227a81d46c58dd6ae2faab93ea6","signature":"_schema/ContentItem"},
	{"flags":0,"id":"87438905385544ceb59aaf44e46599ae","signature":"_schema/ContentItem/ContentContainer"},
	{"flags":0,"id":"aad413399dc447cda361ead399c7d33f","signature":"_schema/Country"},
	{"flags":0,"id":"31117fbe42ac40cbba4cc91d1905ed2b","signature":"_schema/Country/City"},
	{"flags":0,"id":"60b10860d7394f9babaad447e111c635","signature":"_schema/CsvFile"},
	{"flags":0,"id":"a5b93c053fd0483d8959c4bf824db166","signature":"_schema/CustomConceptAttribute"},
	{"flags":0,"id":"19ca8d7bfbb64328a5036398a9927115","signature":"_schema/CustomConceptAttribute/ThesaurusConcept"},
	{"flags":0,"id":"43fe0df38c9647abb7118f7abc646d24","signature":"_schema/CustomNote"},
	{"flags":0,"id":"3c747e3f7f864d9980d0fe65336a43c8","signature":"_schema/CustomNote/ThesaurusConcept"},
	{"flags":0,"id":"8bb41a1a80f1447184f921211b80023d","signature":"_schema/CustomTermAttribute"},
	{"flags":0,"id":"fd69c5dd14e64ac894fd27bf8efca995","signature":"_schema/CustomTermAttribute/ThesaurusTerm"},
	{"flags":0,"id":"0d1a6d5bc15f4bdca7d4d1fec8799ac4","signature":"_schema/DOMElement"},
	{"flags":0,"id":"0b5ecb5ea6ae40c9a219542711f44da8","signature":"_schema/DOMNode"},
	{"flags":0,"id":"b76553da4b4c4512b0f5979b1b99cc91","signature":"_schema/DOMNode/DOMNode"},
	{"flags":0,"id":"70945064b4154178b676c9ae23143714","signature":"_schema/DOMNode/Page"},
	{"flags":0,"id":"0782c9227ef048418b77659f9ac45d0a","signature":"_schema/DataFeed"},
	{"flags":0,"id":"22e5c42649d440c6bfa6fb295b493147","signature":"_schema/DataFeed/FeedItem"},
	{"flags":0,"id":"a271885bedb049e898030bcf10175307","signature":"_schema/Datalist"},
	{"flags":0,"id":"a4359bd325a04049a9374677000ab735","signature":"_schema/Dd"},
	{"flags":0,"id":"28f8eae0535b47e0b9dbfab314d8d7d9","signature":"_schema/Definition"},
	{"flags":0,"id":"c1ba09961902427d8713bc6bdb3e297a","signature":"_schema/Definition/ThesaurusTerm"},
	{"flags":0,"id":"5f9466165da345ec9d1b8dc8b1251a9c","signature":"_schema/Del"},
	{"flags":0,"id":"2df21898c7ba4104bed93b439292842b","signature":"_schema/Details"},
	{"flags":0,"id":"851e137b5d0c482e933193d67a0048ff","signature":"_schema/Dfn"},
	{"flags":0,"id":"e5ffa0fb52314e418421c62dc6d69bc1","signature":"_schema/Div"},
	{"flags":0,"id":"7570f5f0df5b4e6f83f1f79d1f06c6a6","signature":"_schema/Dl"},
	{"flags":0,"id":"9c883bdea559484f86b8c0628ec3fb7c","signature":"_schema/DocumentFragment"},
	{"flags":0,"id":"4f2d833bfd324ea2a61d69937b90fef4","signature":"_schema/Dt"},
	{"flags":0,"id":"6239e6d92d5a4af69cf7d1f0462cf21e","signature":"_schema/EMailMessage"},
	{"flags":0,"id":"007e895e7bd4459c95dc34a5845cf579","signature":"_schema/EMailMessage/File"},
	{"flags":0,"id":"f6afd9e8d0b947c8a6482b9b81c4f958","signature":"_schema/EMailMessage/Mailbox"},
	{"flags":0,"id":"1f384519a9f14d8a8a17b543062c230a","signature":"_schema/EditorialNote"},
	{"flags":0,"id":"43eefc89d7de473b8757a2e8a69d55e7","signature":"_schema/EditorialNote/ThesaurusTerm"},
	{"flags":0,"id":"e880fda39f3146bebf6320ffdc4435f9","signature":"_schema/Em"},
	{"flags":0,"id":"98083052dd154b8ebd8de96bc811209a","signature":"_schema/Embed"},
	{"flags":0,"id":"e3425090765c4ebea4857f403a8c8e4e","signature":"_schema/Event"},
	{"flags":0,"id":"f173102898f84497b40b120ab2bc319f","signature":"_schema/Event/Category"},
	{"flags":0,"id":"1d66490e588948f5b6d492e88615b7da","signature":"_schema/Event/EventImage"},
	{"flags":0,"id":"d626c9ee9567439f8553fcb9667c9daa","signature":"_schema/Event/EventLocation"},
	{"flags":0,"id":"92f67dfceeef4d549e8de2fde4777099","signature":"_schema/Event/Group"},
	{"flags":0,"id":"758293399ea347cfb1d6154c7390066b","signature":"_schema/Event/Member"},
	{"flags":0,"id":"c063f3f3f9cd414e8b576bed616dcc3d","signature":"_schema/Event/Message"},
	{"flags":0,"id":"0e9de7fe106e40a889852489640f930f","signature":"_schema/EventImage"},
	{"flags":0,"id":"7e4232030103403a9624fd49af16e739","signature":"_schema/EventImage/Event"},
	{"flags":0,"id":"d53ac1251bb246d5921322f603d2649d","signature":"_schema/EventLocation"},
	{"flags":0,"id":"3d316dd0c5d54a2d86e6dfb88a1bdb58","signature":"_schema/EventLocation/City"},
	{"flags":0,"id":"12aa2fec8068416684a6b8bfbcac2028","signature":"_schema/EventLocation/Event"},
	{"flags":0,"id":"178d107e8df549cdbdf0886954b76681","signature":"_schema/Favoritable"},
	{"flags":0,"id":"881afb79441a42dab7e6e2f47ae86c27","signature":"_schema/Favoritable/Principal"},
	{"flags":0,"id":"277127be4d9c4c16b2a4f842fff9a700","signature":"_schema/FeedItem"},
	{"flags":0,"id":"fe7cd174895540d2ac4f4f5665e326a5","signature":"_schema/FeedItem/DataFeed"},
	{"flags":0,"id":"338a40cc70c844418daf1c785b38d233","signature":"_schema/FeedItem/FeedItemContent"},
	{"flags":0,"id":"c9b65db273a64afab8b6e45b98c233c5","signature":"_schema/FeedItem/FeedItemEnclosure"},
	{"flags":0,"id":"78a301b4836148e4a471b1f1bd3104f5","signature":"_schema/FeedItemContent"},
	{"flags":0,"id":"7f7a87b2a03842ea811e6ab80221bbd7","signature":"_schema/FeedItemContent/FeedItem"},
	{"flags":0,"id":"60985052adff422bb77ce0b17f2d3558","signature":"_schema/FeedItemEnclosure"},
	{"flags":0,"id":"7fbfcf61168d446ab6dd188da11731b9","signature":"_schema/FeedItemEnclosure/FeedItem"},
	{"flags":0,"id":"7f6eb6cf84344e228f5c886aabcd1e4a","signature":"_schema/Fieldset"},
	{"flags":0,"id":"1a1bb4ea4b634045bc5b7b7027f4b9e6","signature":"_schema/Figcaption"},
	{"flags":0,"id":"063d039a22444ed898310205d8bad9be","signature":"_schema/Figure"},
	{"flags":0,"id":"e381c45bcf70431c99c5f4e6245c95d6","signature":"_schema/File"},
	{"flags":0,"id":"14f7437330f04d648c1f5498b517e20d","signature":"_schema/File/AbstractMinifiedFile"},
	{"flags":0,"id":"29b875b3327543b0a3c548fb3998fc8d","signature":"_schema/File/EMailMessage"},
	{"flags":0,"id":"0fe33f96ce914fdb830b8ad077b715f6","signature":"_schema/File/Folder"},
	{"flags":0,"id":"28398f63226945dca35540e72cc59d89","signature":"_schema/File/ODFExporter"},
	{"flags":0,"id":"cd53334b99eb4094a3ce14ff1f75d123","signature":"_schema/Folder"},
	{"flags":0,"id":"f053383b9f734b329bbb940dc9f3f872","signature":"_schema/Folder/AbstractFile"},
	{"flags":0,"id":"00e804abf51944419469f9284a08f368","signature":"_schema/Folder/File"},
	{"flags":0,"id":"92434cde13fe4a6fb51bee45c7e7ca28","signature":"_schema/Folder/Folder"},
	{"flags":0,"id":"1d71461fc8d34cfcaf2a675fb0592a22","signature":"_schema/Folder/Image"},
	{"flags":0,"id":"572af444050641abb44d5c579559a1b9","signature":"_schema/Folder/User"},
	{"flags":0,"id":"833086aac5f94f01b4379865b9f95c83","signature":"_schema/Footer"},
	{"flags":0,"id":"5fd015b7b9ad4ba5b35023643fbf3c9f","signature":"_schema/Form"},
	{"flags":0,"id":"5114cedfb09e486ca3f49f6291a68be7","signature":"_schema/G"},
	{"flags":0,"id":"ef596e745aba4ea49845fafbb9308375","signature":"_schema/Group"},
	{"flags":0,"id":"6a85a33a401d41279a7b6bd7a6958d0c","signature":"_schema/Group/Event"},
	{"flags":0,"id":"b41847c6ea70486186a0c39407bbde33","signature":"_schema/Group/GroupImage"},
	{"flags":0,"id":"514c8459be2440d2b5d51035b73fb5a0","signature":"_schema/Group/Member"},
	{"flags":0,"id":"e3648fd71fb2421287c073efb3256dbe","signature":"_schema/Group/Principal"},
	{"flags":0,"id":"8096b04f3fa9404c97982e19bdca505b","signature":"_schema/GroupImage"},
	{"flags":0,"id":"ed32558555eb4ea2947ee925629a02d5","signature":"_schema/GroupImage/Group"},
	{"flags":0,"id":"8c85b106b6c7479cb9befff8a33670bf","signature":"_schema/H1"},
	{"flags":0,"id":"2a0787381445490da35154f2b45b4f91","signature":"_schema/H2"},
	{"flags":0,"id":"1bc1389d4bca4819927347875826ec99","signature":"_schema/H3"},
	{"flags":0,"id":"702ade2c41dc4756972e23b9fe4cb839","signature":"_schema/H4"},
	{"flags":0,"id":"464a5e1ed4f344a181ed7230bf100cd1","signature":"_schema/H5"},
	{"flags":0,"id":"7a2ffc772ead4b038048cfaa475fde9f","signature":"_schema/H6"},
	{"flags":0,"id":"ecbe6229a7194db384bfaa36988a5a80","signature":"_schema/Head"},
	{"flags":0,"id":"e2a9983303364b3e85d271df436b13aa","signature":"_schema/Header"},
	{"flags":0,"id":"1c27e872f3b14b7cb0b11dd135ba2979","signature":"_schema/Hgroup"},
	{"flags":0,"id":"fdaa54d35c2f4bcb8d6470c3e1d200b6","signature":"_schema/HistoryNote"},
	{"flags":0,"id":"7808f4e2a0af445a9374262ebd4168c3","signature":"_schema/HistoryNote/ThesaurusConcept"},
	{"flags":0,"id":"3ec600e648f54d6a857d998d6aab66b6","signature":"_schema/HistoryNote/ThesaurusTerm"},
	{"flags":0,"id":"e59e68be425a4585ab3f84c010ccbe68","signature":"_schema/Hr"},
	{"flags":0,"id":"6c365970b01b4bd2b35ffbe204dd63df","signature":"_schema/Html"},
	{"flags":0,"id":"8789f9f8ae6f4b9a90283ae79824510b","signature":"_schema/I"},
	{"flags":0,"id":"fc1ae35cdce04664b9135e702e15e581","signature":"_schema/Iframe"},
	{"flags":0,"id":"6601a6cc122c44048fa3e86533a043a5","signature":"_schema/Image"},
	{"flags":0,"id":"b1aba3a750e44e438112a9cae0ef3253","signature":"_schema/Image/Folder"},
	{"flags":0,"id":"3777f9cbe3884b6496a861f824d55708","signature":"_schema/Image/Image"},
	{"flags":0,"id":"f47e4bd5f01444b9aa6d2bdc267ba9ca","signature":"_schema/Image/User"},
	{"flags":0,"id":"f85a7af5087b45fd82c2a00843bff546","signature":"_schema/Image/VideoFile"},
	{"flags":0,"id":"23f2d167cd444e109f7912f46c9ad786","signature":"_schema/Image/Widget"},
	{"flags":0,"id":"4ea19454cb6240f3b23ac96060768855","signature":"_schema/Img"},
	{"flags":0,"id":"a44971e8be9d4a22b7a50d434c5a8253","signature":"_schema/Indexable"},
	{"flags":0,"id":"2033645dc4714d249d3ca9bfe0846b93","signature":"_schema/Indexable/IndexedWord"},
	{"flags":0,"id":"c878546c7deb4315b17a35086b017463","signature":"_schema/IndexedWord"},
	{"flags":0,"id":"aa53349596aa4dbcac02c0f26d5e9a18","signature":"_schema/IndexedWord/Indexable"},
	{"flags":0,"id":"aa27ace70fd945a6b209ebe6c189f550","signature":"_schema/Input"},
	{"flags":0,"id":"f3c03f41ca8e43eb9b3765f4fde7e17c","signature":"_schema/Ins"},
	{"flags":0,"id":"9f61c62e8c9942feab28ed2f7adf7d74","signature":"_schema/JavaScriptSource"},
	{"flags":0,"id":"dae84606b6f14d6e84e4fc7510447525","signature":"_schema/KafkaClient"},
	{"flags":0,"id":"b7b3a69720f14a76928ea89e2d2f55bc","signature":"_schema/Kbd"},
	{"flags":0,"id":"5d99f3d5a63c4267bebfa24c72cc63d1","signature":"_schema/Keygen"},
	{"flags":0,"id":"07e665d3a1de4016b93603bf0df357a3","signature":"_schema/LDAPGroup"},
	{"flags":0,"id":"dff26982a6a84d0fb5f82985b91c0f53","signature":"_schema/LDAPUser"},
	{"flags":0,"id":"644596d30f1c44e19e1feade4da0632e","signature":"_schema/Label"},
	{"flags":0,"id":"a5c0a902492e49df92f16300a1aacf52","signature":"_schema/Legend"},
	{"flags":0,"id":"126da9b564f24323bdbc1a00e22ded61","signature":"_schema/Li"},
	{"flags":0,"id":"636001919f1742bc8754eeb4cd49d70e","signature":"_schema/Link"},
	{"flags":0,"id":"68e3a642e59244058ab84dc5f2211ae6","signature":"_schema/LinkSource"},
	{"flags":0,"id":"c831956c64b6469f9cc94a0529d137a4","signature":"_schema/LinkSource/Linkable"},
	{"flags":0,"id":"1cb86d0aa6aa45dd8c39d1f79b93e6eb","signature":"_schema/Linkable"},
	{"flags":0,"id":"961c944accdc4470aff23736a3a9b6f7","signature":"_schema/Linkable/LinkSource"},
	{"flags":0,"id":"dbbaf36bd9e645e0b8d11bfa34618cd1","signature":"_schema/Localization"},
	{"flags":0,"id":"f374bdd58770459fa874053dd742d6fe","signature":"_schema/Location"},
	{"flags":0,"id":"8bf6cc8a6ff84001acf7e0596ccff356","signature":"_schema/MQTTClient"},
	{"flags":0,"id":"738b7bfb101144bebbe232188bd49958","signature":"_schema/MailTemplate"},
	{"flags":0,"id":"c26d955c9dbb456ab92f05894c534c62","signature":"_schema/Mailbox"},
	{"flags":0,"id":"43406266071d4b74a328ab0c7e751372","signature":"_schema/Mailbox/EMailMessage"},
	{"flags":0,"id":"45f9644596df4fdb9559c83ccfc9e7cd","signature":"_schema/Main"},
	{"flags":0,"id":"703ed983dd7844b5b1e4a3023b17829c","signature":"_schema/Map"},
	{"flags":0,"id":"ebf64b8543e24448a3cea8af12322d26","signature":"_schema/Mark"},
	{"flags":0,"id":"1e653e5805ab49e69d9c9f2128926e25","signature":"_schema/Member"},
	{"flags":0,"id":"ce0ea0fb7d3a46dea332a12f22f730b4","signature":"_schema/Member/Event"},
	{"flags":0,"id":"dad05430192f40bd84a16497703e1761","signature":"_schema/Member/Group"},
	{"flags":0,"id":"ae36030dac4f4899998d3b84258624be","signature":"_schema/Menu"},
	{"flags":0,"id":"f8929d2b67e64c5583450d9ad37a9778","signature":"_schema/Message"},
	{"flags":0,"id":"588c87934d5e4106b216d3315ecb5d8d","signature":"_schema/Message/Event"},
	{"flags":0,"id":"1a4bce6e19b84648b81fefbaf363a477","signature":"_schema/MessageClient"},
	{"flags":0,"id":"7aaf52482e0f4ad886cdae644a269326","signature":"_schema/MessageClient/MessageSubscriber"},
	{"flags":0,"id":"183ec2ed6be144659a98e35cf2176bc3","signature":"_schema/MessageSubscriber"},
	{"flags":0,"id":"8d1062ed0b514a3fb26c0671b12bd4fd","signature":"_schema/MessageSubscriber/MessageClient"},
	{"flags":0,"id":"a1c2128621914c26ac404282fa779fd3","signature":"_schema/Meta"},
	{"flags":0,"id":"9154a18ac8f740edabd147911e8661c9","signature":"_schema/MetadataNode"},
	{"flags":0,"id":"d1a9f37b622c42bb9f24d58d43873487","signature":"_schema/MetadataNode/StructuredDocument"},
	{"flags":0,"id":"6480db194dd4485699f6677d21c6a171","signature":"_schema/Meter"},
	{"flags":0,"id":"f543b8614b6d47de93b9b376c91f32d9","signature":"_schema/MinifiedCssFile"},
	{"flags":0,"id":"0d5e6a4ad55e48a7aa41310bcfcd7b2e","signature":"_schema/MinifiedJavaScriptFile"},
	{"flags":0,"id":"f0db4458bdc04638a5c34cd9a58f8bbc","signature":"_schema/Nav"},
	{"flags":0,"id":"02ca91b586fe49c3b44dd4ee7f9d3cf9","signature":"_schema/NodeLabel"},
	{"flags":0,"id":"7c1f9f22eee841ff83851963601c22cd","signature":"_schema/NodeLabel/ThesaurusArray"},
	{"flags":0,"id":"3b9ed8438efd413c9a054ff3371c1a77","signature":"_schema/Noscript"},
	{"flags":0,"id":"0e7f7ceca0714b849fc09eb90ac6b18a","signature":"_schema/Note"},
	{"flags":0,"id":"2856dea554eb457abd61fa45c52df7ff","signature":"_schema/Note/ThesaurusConcept"},
	{"flags":0,"id":"5655ceb60d1c4680a43486ac32071438","signature":"_schema/ODFExporter"},
	{"flags":0,"id":"e2bc91f8f01148788361cc33e1163cba","signature":"_schema/ODFExporter/File"},
	{"flags":0,"id":"f2c82af7883a42709512919cd1ed4f96","signature":"_schema/ODFExporter/VirtualType"},
	{"flags":0,"id":"8daa6b1ea05b414c97131e206b91f3b4","signature":"_schema/ODSExporter"},
	{"flags":0,"id":"c3a7f19a95c04966a3f423ec920ec929","signature":"_schema/ODTExporter"},
	{"flags":0,"id":"2eacb848d1134706b48d4d28ccbb5815","signature":"_schema/Object"},
	{"flags":0,"id":"184d210b5cfe4ef6a4dbf4478a3372b8","signature":"_schema/Ol"},
	{"flags":0,"id":"131cef076cc84a308234c90cd4a18a9d","signature":"_schema/Optgroup"},
	{"flags":0,"id":"4b747413504040b2bca068f8728c1074","signature":"_schema/Option"},
	{"flags":0,"id":"5b717f0a4862446897c8a5b8918c7277","signature":"_schema/Output"},
	{"flags":0,"id":"4aa47e66b79845c0921938f722e8cd56","signature":"_schema/P"},
	{"flags":0,"id":"0dd2ad9f40944e0a885a1210854b4374","signature":"_schema/Page"},
	{"flags":0,"id":"13bf18867342412ba1872aad92368ec9","signature":"_schema/Page/DOMNode"},
	{"flags":0,"id":"17480ee248e84ce29398edc4a9412228","signature":"_schema/Page/Site"},
	{"flags":0,"id":"5dc814a8914b42838e952529c09960bc","signature":"_schema/Param"},
	{"flags":0,"id":"c7cb8b06cd5d4143936b2afa60cbcf60","signature":"_schema/PaymentItemNode"},
	{"flags":0,"id":"26a152ef97e34a02ab621be3f8643582","signature":"_schema/PaymentItemNode/PaymentNode"},
	{"flags":0,"id":"ba38784ce06049609478490228edf3a0","signature":"_schema/PaymentNode"},
	{"flags":0,"id":"3e8654a3354f4c4db708e83f7c97aa10","signature":"_schema/PaymentNode/PaymentItemNode"},
	{"flags":0,"id":"21c5bb8bf27f4688b8285f53b84f5f52","signature":"_schema/Person"},
	{"flags":0,"id":"2d232fc114b947de8aa13cc987a3f1cb","signature":"_schema/Pre"},
	{"flags":0,"id":"da627eda37e448ec9bd6e765d28a0ac9","signature":"_schema/PreferredTerm"},
	{"flags":0,"id":"4c20e20969c24f6d81825573fb9a3caa","signature":"_schema/PreferredTerm/SimpleNonPreferredTerm"},
	{"flags":0,"id":"62535e291f974c4b81e31c985df6daea","signature":"_schema/PreferredTerm/SplitNonPreferredTerm"},
	{"flags":0,"id":"a07cadd694494e0b92d918c608b60a17","signature":"_schema/PreferredTerm/ThesaurusConcept"},
	{"flags":0,"id":"7c6470e08d9c45d6a41c2a2c386f9d38","signature":"_schema/Principal"},
	{"flags":0,"id":"472b609ba6634feb802619137842bdb4","signature":"_schema/Principal/Favoritable"},
	{"flags":0,"id":"479eebe18dae483099021a0f872cac08","signature":"_schema/Principal/Group"},
	{"flags":0,"id":"78adbae41d20454680d1f24a57eb640d","signature":"_schema/Progress"},
	{"flags":0,"id":"e02031f757d949f48e977afc9e599e90","signature":"_schema/Q"},
	{"flags":0,"id":"9bea8c56b21046aeb2405e8c89852b6e","signature":"_schema/RemoteDocument"},
	{"flags":0,"id":"f38d4fbe234146d6b14d4ad11aa22092","signature":"_schema/Rp"},
	{"flags":0,"id":"7ccc9e7651c74b46afeeac8d98f2e59f","signature":"_schema/Rt"},
	{"flags":0,"id":"492034effdee4b4c86eef431e5056c1c","signature":"_schema/Ruby"},
	{"flags":0,"id":"91c545faf6404b4fa62e5765884c4588","signature":"_schema/S"},
	{"flags":0,"id":"802bb49533a345a9aa8e55e2b4e0a994","signature":"_schema/Samp"},
	{"flags":0,"id":"88e2be30efe04a6e942105aaaa880292","signature":"_schema/ScopeNote"},
	{"flags":0,"id":"9968f8545a2b430db1875ef5c08de171","signature":"_schema/ScopeNote/ThesaurusConcept"},
	{"flags":0,"id":"30ba3b418ae848eca7f040b98229cfc1","signature":"_schema/Script"},
	{"flags":0,"id":"d71a94b2af63478f827486986353fd38","signature":"_schema/Section"},
	{"flags":0,"id":"81af2cc7e7bf4b0b8cd1b1ffe4cc8b09","signature":"_schema/Select"},
	{"flags":0,"id":"06651bd54f9b4f2c84e5d61985bd8489","signature":"_schema/ShadowDocument"},
	{"flags":0,"id":"c8a04bd6a24c49c8926c14e06b1d29f5","signature":"_schema/SimpleNonPreferredTerm"},
	{"flags":0,"id":"ce1751d692e24bbea9bb0e2107df6cfc","signature":"_schema/SimpleNonPreferredTerm/PreferredTerm"},
	{"flags":0,"id":"2f26b78fccdf43d9936eeed015e27452","signature":"_schema/SimpleNonPreferredTerm/ThesaurusConcept"},
	{"flags":0,"id":"7f5951bf214e498cabde218f262786dd","signature":"_schema/Site"},
	{"flags":0,"id":"65eb9cd7776242f7acce39a32884d77c","signature":"_schema/Site/Page"},
	{"flags":0,"id":"8d18b728b27e42d48dff9b7aaf90d693","signature":"_schema/Small"},
	{"flags":0,"id":"c51e54eda9a943bcb0c029f11d454688","signature":"_schema/Source"},
	{"flags":0,"id":"20751372254e495aaf71533892b3fadf","signature":"_schema/Span"},
	{"flags":0,"id":"05bea1b47b5b44eb96ce516cf5ec36b1","signature":"_schema/SplitNonPreferredTerm"},
	{"flags":0,"id":"04b8cabecbcd473f9ef949e522c813f6","signature":"_schema/SplitNonPreferredTerm/PreferredTerm"},
	{"flags":0,"id":"1d793f95d7ac45fe8b4e8238d195d211","signature":"_schema/Strong"},
	{"flags":0,"id":"8939dc6eb6134393a4450bfc9d685ad5","signature":"_schema/StructuredDocument"},
	{"flags":0,"id":"c9b0ba9b822a459baa25f1633fa17bd0","signature":"_schema/StructuredDocument/MetadataNode"},
	{"flags":0,"id":"6eed5d4d8db94a0da5196e94b57124f0","signature":"_schema/StructuredTextNode"},
	{"flags":0,"id":"1c68dc7269c84c459f6c7086b6c6a530","signature":"_schema/StructuredTextNode/StructuredTextNode"},
	{"flags":0,"id":"731b87c9fa3546e985e31466c5da9c5b","signature":"_schema/Style"},
	{"flags":0,"id":"52297778f7174bad9a39cec3c2315823","signature":"_schema/Sub"},
	{"flags":0,"id":"417677cb956347bc98eba7936ae8e6ba","signature":"_schema/Summary"},
	{"flags":0,"id":"d3171dcdb6924a2a9abee16dea2499b9","signature":"_schema/Sup"},
	{"flags":0,"id":"4801f1aa9f484f0ba6e57a0ceecfa51e","signature":"_schema/Table"},
	{"flags":0,"id":"30e75162d7f248f1ad77762b8656161b","signature":"_schema/Tbody"},
	{"flags":0,"id":"2bc002ad9e7a4d53a3e08c284a102830","signature":"_schema/Td"},
	{"flags":0,"id":"194d671e37ea48a3aee853a6a6181de4","signature":"_schema/Template"},
	{"flags":0,"id":"4c9cec47bb7e4edbb9629b7ead630ab7","signature":"_schema/Textarea"},
	{"flags":0,"id":"6e9be7731b334a60aa00641878a0b3f4","signature":"_schema/Tfoot"},
	{"flags":0,"id":"a653f177e1784818804fe09990b88768","signature":"_schema/Th"},
	{"flags":0,"id":"add9889e5cf64af2b979e1b0deb96962","signature":"_schema/Thead"},
	{"flags":0,"id":"8b3d328bb60b40f6a683070c998e73c3","signature":"_schema/Thesaurus"},
	{"flags":0,"id":"cf8539f74d77465cbb6becc18f8ca741","signature":"_schema/Thesaurus/ConceptGroup"},
	{"flags":0,"id":"184d6ff9b8ce4ce093be6bde8010e2ae","signature":"_schema/Thesaurus/ThesaurusArray"},
	{"flags":0,"id":"4e05774bd0ba4bfabbb07ad847d2c76e","signature":"_schema/Thesaurus/ThesaurusConcept"},
	{"flags":0,"id":"8e78b6c113634015843ac9ac5abe56bd","signature":"_schema/Thesaurus/VersionHistory"},
	{"flags":0,"id":"d59c88b43c8d4b7eada10c97f3ea2e0a","signature":"_schema/ThesaurusArray"},
	{"flags":0,"id":"b8fecf4f25fa4a4298707f64187723d1","signature":"_schema/ThesaurusArray/NodeLabel"},
	{"flags":0,"id":"6f867ccdf5824313a19e1fa473a17b02","signature":"_schema/ThesaurusArray/Thesaurus"},
	{"flags":0,"id":"4c4e21d1565b45999ab45c76b4134500","signature":"_schema/ThesaurusArray/ThesaurusArray"},
	{"flags":0,"id":"3099853f3d404dc0b025d2e892afbd4f","signature":"_schema/ThesaurusArray/ThesaurusConcept"},
	{"flags":0,"id":"36862c74604d465fb4834a82579d3546","signature":"_schema/ThesaurusConcept"},
	{"flags":0,"id":"ad00acb789554e508f95371764308957","signature":"_schema/ThesaurusConcept/ConceptGroup"},
	{"flags":0,"id":"5f0694e66b0f4272b0be2d73adc3e082","signature":"_schema/ThesaurusConcept/CustomConceptAttribute"},
	{"flags":0,"id":"cddfa75dc6cb4c3eb92f6378e04b92ac","signature":"_schema/ThesaurusConcept/CustomNote"},
	{"flags":0,"id":"155f0e93a0ca4c758fda5e11b3a49959","signature":"_schema/ThesaurusConcept/HistoryNote"},
	{"flags":0,"id":"80230ba1ffaf4429a13fc62caf746b4a","signature":"_schema/ThesaurusConcept/Note"},
	{"flags":0,"id":"ba243b13501742cc8a7d8d323fd4174e","signature":"_schema/ThesaurusConcept/PreferredTerm"},
	{"flags":0,"id":"26dd626b745d40ddb05e637a07c0bb0c","signature":"_schema/ThesaurusConcept/ScopeNote"},
	{"flags":0,"id":"57e80368c9de468ca3740f028ad542d8","signature":"_schema/ThesaurusConcept/SimpleNonPreferredTerm"},
	{"flags":0,"id":"998fd9adee664722b005af12968555a3","signature":"_schema/ThesaurusConcept/Thesaurus"},
	{"flags":0,"id":"f17970d17c564aca995c4d19ab64f9fe","signature":"_schema/ThesaurusConcept/ThesaurusArray"},
	{"flags":0,"id":"050e6a91505e47309061fcde90db1635","signature":"_schema/ThesaurusConcept/ThesaurusConcept"},
	{"flags":0,"id":"3f5a8342ff1c4863b8b8c73ac14a8609","signature":"_schema/ThesaurusTerm"},
	{"flags":0,"id":"b316710155e94a10bb4925f13939a723","signature":"_schema/ThesaurusTerm/CustomTermAttribute"},
	{"flags":0,"id":"02fab799a506486b9c622f9ef2d7c4ec","signature":"_schema/ThesaurusTerm/Definition"},
	{"flags":0,"id":"f6b6fa1f15c64b9ab05c9f970f4ae14f","signature":"_schema/ThesaurusTerm/EditorialNote"},
	{"flags":0,"id":"a27ff6d6292440c7afbfe1a829a47c7e","signature":"_schema/ThesaurusTerm/HistoryNote"},
	{"flags":0,"id":"14eccd130c7847b38b63faad98b988c8","signature":"_schema/Time"},
	{"flags":0,"id":"e793c63c456d45d0bacd13e0162ff369","signature":"_schema/Title"},
	{"flags":0,"id":"faeb1106e47d4a8f8d4a75a789b1af94","signature":"_schema/Tr"},
	{"flags":0,"id":"0464ff669af146578c3c8bc160c07c5c","signature":"_schema/Track"},
	{"flags":0,"id":"396a23e96af5489f8171fc1f7fdaf358","signature":"_schema/Trash"},
	{"flags":0,"id":"65fbdd09476449f5aa3ed4077b25b95d","signature":"_schema/U"},
	{"flags":0,"id":"84b111ffa6d343c6a818506543c46c27","signature":"_schema/Ul"},
	{"flags":0,"id":"4a9823d3adb948bda00d4d56d449261f","signature":"_schema/User"},
	{"flags":0,"id":"13d5856ae662412fb5338fe0f8a29574","signature":"_schema/User/Folder"},
	{"flags":0,"id":"d4b57d228475416b948c36dcb2583006","signature":"_schema/User/Image"},
	{"flags":0,"id":"04776c1cf2f0404f9ba173a721c2bffb","signature":"_schema/Var"},
	{"flags":0,"id":"ffc53d0a3492437b8149b79403b6ae69","signature":"_schema/VersionHistory"},
	{"flags":0,"id":"90d159a4e6794df79a9ea494ac3f4188","signature":"_schema/VersionHistory/Thesaurus"},
	{"flags":0,"id":"8b310e1d761b40fc8055f350f91bf782","signature":"_schema/Video"},
	{"flags":0,"id":"2cb5935b33c44791afb878a34024d193","signature":"_schema/VideoFile"},
	{"flags":0,"id":"e6cf6154ab154b67a8b1c946f079e04e","signature":"_schema/VideoFile/Image"},
	{"flags":0,"id":"1506eaa00ba14367bb68f6439e4d6e93","signature":"_schema/VideoFile/VideoFile"},
	{"flags":0,"id":"15c470984f2e4d9baae76520224bb240","signature":"_schema/VirtualProperty"},
	{"flags":0,"id":"3cfc5db8f64d4a64b9eaf285a4c292d6","signature":"_schema/VirtualProperty/VirtualType"},
	{"flags":0,"id":"9d4bb42651ac4f5da98f41e5f5009e77","signature":"_schema/VirtualType"},
	{"flags":0,"id":"e8396bcfd9574d789fadc32a13df1f83","signature":"_schema/VirtualType/ODFExporter"},
	{"flags":0,"id":"1e131ecb32dc4e569a2c980cfbd4921c","signature":"_schema/VirtualType/VirtualProperty"},
	{"flags":0,"id":"2ed8aa78db3b46608443871b0804f577","signature":"_schema/Wbr"},
	{"flags":0,"id":"e1aa89b7ccc64895bf0bd421d4cc92af","signature":"_schema/Widget"},
	{"flags":0,"id":"35396c60818849a48fe4fd2b34ed1de3","signature":"_schema/Widget/Image"},
	{"flags":0,"id":"3887427ba7144b3a9a60e34e6137c3e5","signature":"_schema/XMPPClient"},
	{"flags":0,"id":"1166785e08cf4e43a84f525c6c47732e","signature":"_schema/XMPPClient/XMPPRequest"},
	{"flags":0,"id":"d1025799d7e348cf8a7bffbd5cc1be47","signature":"_schema/XMPPRequest"},
	{"flags":0,"id":"0e10b4c9b934474584edbb98096d9e4f","signature":"_schema/XMPPRequest/XMPPClient"}
]